type,heuristic,n. of constants,n. of literals,result,backtracks,max_depth,runtime
4x4,0,4,"[26, 21, 19, 16, 13, 8, 12, 11, 10, 7, 3, 6, 5, 3, 2, 1]","[111, 213, 342, 443, 122, 133, 144, 224, 232, 241, 314, 323, 331, 412, 421, 434]",0,14,0.019159800000000005
4x4,0,4,"[26, 21, 19, 16, 14, 13, 10, 6, 9, 6, 5, 3, 2, 1]","[143, 242, 314, 412, 111, 122, 134, 213, 224, 231, 323, 332, 341, 421, 433, 444]",0,13,0.018465499999999996
4x4,0,4,"[26, 19, 16, 13, 12, 9, 8, 6, 4, 3, 2, 1]","[134, 222, 333, 424, 111, 123, 142, 214, 231, 243, 312, 321, 344, 413, 432, 441]",0,12,0.02172270000000001
4x4,0,6,"[16, 11, 10, 9, 8, 5, 4, 3, 2, 1]","[134, 212, 243, 313, 344, 422, 111, 123, 142, 224, 231, 321, 332, 414, 433, 441]",0,10,0.019538999999999973
4x4,0,6,"[16, 14, 9, 13, 12, 9, 5, 8, 7, 6, 4, 3, 2, 1]","[133, 231, 244, 314, 321, 423, 111, 124, 142, 213, 222, 332, 343, 412, 434, 441]",0,12,0.017323000000000005
4x4,0,6,"[16, 14, 10, 8, 7, 6, 5, 1, 4, 3, 2, 1]","[113, 144, 224, 331, 411, 443, 121, 132, 212, 233, 241, 314, 323, 342, 422, 434]",0,11,0.017849699999999996
4x4,0,6,"[16, 14, 11, 7, 10, 9, 7, 6, 5, 3, 2, 1]","[113, 134, 241, 311, 424, 443, 121, 142, 214, 222, 233, 323, 332, 344, 412, 431]",0,11,0.01838690000000001
9x9,0,23,"[235, 225, 209, 199, 208, 196, 190, 185, 179, 166, 178, 169, 159, 168, 163, 153, 162, 156, 151, 144, 134, 143, 138, 131, 128, 125, 120, 117, 112, 108, 111, 116, 119, 124, 127, 130, 137, 132, 129, 125, 120, 117, 112, 108, 111, 116, 119, 124, 128, 131, 136, 132, 135, 142, 150, 142, 137, 141, 149, 143, 138, 131, 128, 125, 120, 117, 112, 108, 111, 116, 119, 124, 127, 130, 137, 132, 129, 125, 120, 117, 112, 108, 111, 116, 119, 124, 128, 131, 136, 132, 135, 142, 148, 155, 144, 138, 135, 137, 143, 137, 142, 154, 147, 141, 138, 131, 128, 125, 120, 117, 112, 108, 111, 116, 119, 124, 127, 130, 137, 132, 129, 125, 120, 117, 112, 108, 111, 116, 119, 124, 128, 131, 136, 132, 135, 140, 146, 139, 145, 153, 161, 154, 150, 144, 135, 129, 125, 121, 116, 115, 111, 108, 105, 99, 91, 84, 79, 77, 66, 76, 69, 75, 70, 62, 69, 65, 59, 64, 59, 53, 58, 55, 52, 54, 57, 63, 68, 74, 69, 61, 68, 64, 59, 63, 67, 73, 78, 83, 90, 98, 104, 98, 103, 96, 102, 107, 110, 114, 115, 120, 124, 128, 134, 129, 123, 120, 115, 114, 110, 107, 104, 98, 90, 83, 78, 76, 65, 75, 69, 61, 68, 64, 59, 53, 49, 48, 45, 43, 38, 42, 41, 38, 37, 36, 35, 34, 31, 26, 24, 19, 23, 21, 19, 17, 14, 16, 18, 20, 22, 25, 30, 26, 29, 24, 28, 33, 34, 35, 36, 37, 40, 41, 44, 47, 48, 52, 58, 55, 57, 63, 67, 74, 69, 61, 68, 64, 59, 53, 58, 55, 57, 63, 67, 73, 68, 60, 67, 63, 59, 53, 49, 48, 45, 43, 38, 42, 41, 38, 37, 36, 35, 34, 31, 26, 24, 19, 23, 21, 19, 17, 14, 16, 18, 20, 22, 25, 30, 24, 29, 26, 24, 20, 23, 25, 28, 33, 34, 35, 36, 37, 40, 41, 44, 47, 48, 52, 58, 55, 57, 62, 66, 72, 77, 82, 89, 97, 103, 97, 102, 95, 101, 106, 109, 113, 114, 119, 122, 128, 133, 126, 132, 143, 149, 142, 138, 132, 128, 124, 119, 118, 114, 111, 108, 101, 107, 101, 106, 99, 105, 110, 113, 117, 118, 123, 127, 131, 137, 132, 126, 123, 118, 117, 113, 110, 107, 100, 106, 100, 105, 98, 104, 109, 112, 116, 117, 122, 125, 131, 136, 129, 135, 141, 148, 153, 143, 138, 136, 130, 126, 122, 117, 116, 112, 109, 106, 100, 92, 85, 80, 78, 67, 77, 70, 76, 71, 63, 70, 66, 60, 65, 60, 58, 54, 57, 59, 64, 69, 75, 70, 62, 69, 65, 60, 64, 68, 74, 79, 84, 91, 99, 105, 99, 104, 97, 103, 108, 111, 115, 116, 121, 125, 129, 135, 130, 124, 121, 116, 115, 111, 108, 105, 99, 91, 84, 79, 77, 66, 76, 70, 62, 69, 65, 60, 58, 53, 50, 47, 45, 40, 44, 43, 40, 39, 38, 37, 36, 33, 28, 26, 20, 25, 20, 24, 22, 20, 18, 14, 17, 16, 14, 12, 13, 15, 16, 19, 21, 23, 27, 32, 28, 31, 26, 30, 35, 36, 37, 38, 39, 42, 43, 46, 49, 52, 57, 53, 48, 45, 43, 38, 42, 41, 38, 37, 36, 35, 34, 31, 26, 24, 19, 23, 21, 19, 17, 14, 16, 18, 20, 22, 25, 30, 26, 29, 24, 28, 33, 34, 35, 36, 37, 40, 41, 44, 47, 52, 56, 59, 64, 68, 75, 70, 62, 69, 65, 60, 58, 54, 57, 59, 64, 68, 74, 69, 61, 68, 64, 60, 58, 53, 50, 47, 45, 40, 44, 43, 40, 39, 38, 37, 36, 33, 28, 26, 20, 25, 20, 24, 22, 20, 18, 14, 17, 16, 12, 15, 14, 12, 13, 14, 16, 19, 21, 23, 27, 32, 26, 31, 28, 26, 21, 19, 17, 13, 16, 15, 13, 11, 12, 14, 15, 18, 20, 25, 21, 24, 27, 30, 35, 36, 37, 38, 39, 42, 43, 46, 49, 52, 57, 53, 48, 45, 43, 38, 42, 41, 38, 37, 36, 35, 34, 31, 26, 24, 19, 23, 21, 19, 17, 14, 16, 18, 20, 22, 25, 30, 24, 29, 26, 24, 20, 23, 25, 28, 33, 34, 35, 36, 37, 40, 41, 44, 47, 52, 56, 59, 63, 67, 73, 78, 83, 90, 98, 104, 98, 103, 96, 102, 107, 110, 114, 115, 120, 123, 129, 134, 127, 133, 137, 142, 152, 160, 167, 177, 167, 156, 166, 160, 150, 159, 153, 158, 153, 149, 143, 134, 128, 124, 120, 115, 114, 110, 107, 104, 98, 90, 83, 78, 76, 66, 61, 55, 60, 57, 59, 65, 60, 64, 75, 69, 74, 68, 60, 67, 63, 57, 62, 59, 53, 58, 55, 52, 54, 57, 61, 66, 73, 77, 82, 89, 97, 103, 96, 90, 83, 78, 76, 66, 75, 69, 74, 68, 60, 67, 63, 57, 62, 59, 53, 58, 55, 52, 54, 57, 61, 66, 73, 77, 82, 89, 95, 102, 95, 101, 106, 109, 113, 114, 119, 123, 127, 133, 128, 122, 119, 114, 113, 109, 106, 103, 97, 89, 82, 77, 75, 65, 60, 55, 59, 64, 59, 63, 74, 69, 60, 55, 59, 68, 63, 60, 54, 59, 56, 58, 62, 67, 62, 57, 61, 66, 73, 67, 59, 66, 62, 57, 61, 65, 72, 76, 81, 88, 96, 102, 95, 89, 82, 77, 75, 65, 74, 69, 60, 55, 59, 68, 63, 60, 54, 59, 56, 58, 62, 67, 62, 57, 61, 66, 73, 67, 59, 66, 62, 57, 61, 65, 72, 76, 81, 88, 94, 101, 94, 100, 105, 108, 112, 113, 118, 121, 127, 132, 125, 131, 142, 148, 141, 137, 131, 127, 123, 118, 117, 113, 110, 107, 100, 106, 99, 92, 98, 90, 83, 81, 79, 69, 78, 72, 77, 71, 64, 70, 76, 80, 82, 89, 97, 93, 96, 105, 98, 104, 109, 112, 116, 117, 122, 126, 130, 136, 131, 125, 122, 117, 116, 112, 109, 106, 99, 105, 98, 91, 97, 89, 82, 80, 78, 68, 77, 72, 64, 61, 58, 60, 63, 71, 66, 63, 56, 53, 52, 49, 47, 44, 41, 40, 38, 37, 36, 32, 35, 36, 37, 39, 40, 43, 46, 48, 51, 52, 55, 62, 59, 61, 65, 70, 76, 70, 63, 69, 75, 79, 81, 88, 96, 92, 95, 104, 97, 103, 108, 111, 115, 116, 121, 124, 130, 135, 128, 134, 140, 147, 152, 142, 137, 135, 129, 125, 121, 116, 115, 111, 108, 105, 99, 91, 84, 79, 77, 67, 62, 56, 61, 58, 60, 66, 61, 65, 76, 70, 75, 69, 61, 68, 64, 58, 63, 60, 58, 54, 57, 59, 62, 67, 74, 78, 83, 90, 98, 104, 97, 91, 84, 79, 77, 67, 76, 70, 75, 69, 61, 68, 64, 58, 63, 60, 58, 54, 57, 59, 62, 67, 74, 78, 83, 90, 96, 103, 96, 102, 107, 110, 114, 115, 120, 124, 128, 134, 129, 123, 120, 115, 114, 110, 107, 104, 98, 90, 83, 78, 76, 66, 61, 56, 60, 65, 60, 64, 75, 70, 61, 56, 60, 69, 64, 61, 59, 55, 58, 60, 63, 68, 63, 58, 62, 67, 74, 68, 60, 67, 63, 58, 62, 66, 73, 77, 82, 89, 97, 103, 96, 90, 83, 78, 76, 66, 75, 70, 61, 56, 60, 69, 64, 61, 59, 55, 58, 60, 63, 68, 63, 58, 62, 67, 74, 68, 60, 67, 63, 58, 62, 66, 73, 77, 82, 89, 95, 102, 95, 101, 106, 109, 113, 114, 119, 122, 128, 133, 126, 132, 136, 141, 151, 157, 165, 160, 150, 159, 152, 148, 142, 133, 127, 123, 119, 114, 113, 109, 106, 103, 97, 102, 96, 89, 82, 77, 75, 65, 74, 68, 73, 68, 60, 67, 63, 57, 62, 59, 53, 58, 55, 52, 54, 57, 61, 66, 72, 76, 81, 88, 95, 101, 105, 108, 112, 113, 118, 122, 126, 132, 127, 121, 118, 113, 112, 108, 105, 102, 96, 101, 95, 88, 81, 76, 74, 64, 73, 68, 60, 67, 63, 59, 53, 58, 55, 57, 62, 66, 72, 67, 59, 66, 62, 57, 61, 65, 71, 75, 80, 87, 94, 100, 104, 107, 111, 112, 117, 120, 126, 131, 124, 130, 141, 147, 140, 136, 130, 126, 122, 117, 116, 112, 109, 106, 99, 105, 99, 91, 98, 89, 97, 92, 96, 89, 95, 104, 108, 111, 115, 116, 121, 125, 129, 135, 130, 124, 121, 116, 115, 111, 108, 105, 98, 104, 98, 90, 97, 88, 96, 91, 95, 88, 94, 103, 107, 110, 114, 115, 120, 123, 129, 134, 127, 133, 139, 146, 151, 141, 136, 134, 128, 124, 120, 115, 114, 110, 107, 104, 98, 103, 97, 90, 83, 78, 76, 66, 75, 69, 74, 69, 61, 68, 64, 58, 63, 60, 58, 54, 57, 59, 62, 67, 73, 77, 82, 89, 96, 102, 106, 109, 113, 114, 119, 123, 127, 133, 128, 122, 119, 114, 113, 109, 106, 103, 97, 102, 96, 89, 82, 77, 75, 65, 74, 69, 61, 68, 64, 60, 58, 54, 57, 59, 63, 67, 73, 68, 60, 67, 63, 58, 62, 66, 72, 76, 81, 88, 95, 101, 105, 108, 112, 113, 118, 121, 127, 132, 125, 131, 135, 140, 150, 158, 164, 176, 169, 159, 168, 163, 153, 162, 156, 151, 144, 134, 143, 138, 131, 128, 125, 120, 117, 112, 108, 111, 116, 119, 124, 127, 130, 137, 132, 129, 125, 120, 117, 112, 108, 111, 116, 119, 124, 128, 131, 136, 132, 135, 142, 150, 142, 137, 141, 149, 143, 138, 131, 128, 125, 120, 117, 112, 108, 111, 116, 119, 124, 127, 130, 137, 132, 129, 125, 120, 117, 112, 108, 111, 116, 119, 124, 128, 131, 136, 132, 135, 142, 148, 155, 144, 138, 135, 137, 143, 137, 142, 154, 147, 141, 138, 131, 128, 125, 120, 117, 112, 108, 111, 116, 119, 124, 127, 130, 137, 132, 129, 125, 120, 117, 112, 108, 111, 116, 119, 124, 128, 131, 136, 132, 135, 140, 146, 139, 145, 153, 161, 154, 150, 144, 135, 129, 125, 121, 116, 115, 111, 108, 105, 99, 91, 84, 79, 77, 67, 62, 56, 61, 56, 60, 66, 61, 65, 76, 70, 75, 71, 62, 70, 65, 59, 64, 59, 53, 58, 55, 52, 54, 57, 63, 69, 64, 58, 63, 59, 62, 68, 74, 78, 83, 90, 98, 104, 97, 91, 84, 79, 77, 67, 76, 70, 75, 71, 62, 70, 65, 59, 64, 59, 53, 58, 55, 52, 54, 57, 63, 69, 64, 58, 63, 59, 53, 58, 55, 52, 54, 57, 62, 68, 74, 78, 83, 90, 96, 103, 98, 102, 107, 110, 114, 115, 120, 124, 128, 134, 129, 123, 120, 115, 114, 110, 107, 104, 98, 90, 83, 78, 76, 66, 61, 56, 53, 55, 60, 65, 60, 64, 75, 70, 61, 56, 60, 69, 64, 59, 53, 49, 48, 45, 43, 38, 42, 41, 38, 37, 36, 35, 34, 32, 27, 24, 26, 31, 27, 25, 21, 24, 26, 30, 25, 29, 33, 34, 35, 36, 37, 40, 41, 44, 47, 48, 52, 58, 55, 57, 63, 68, 63, 59, 62, 67, 74, 70, 61, 69, 64, 59, 53, 58, 55, 57, 63, 68, 63, 58, 62, 67, 73, 77, 82, 89, 97, 103, 96, 90, 83, 78, 76, 66, 75, 70, 61, 56, 53, 55, 60, 69, 64, 59, 53, 49, 48, 45, 43, 38, 42, 41, 38, 37, 36, 35, 34, 32, 27, 25, 21, 24, 26, 31, 26, 24, 20, 23, 25, 30, 25, 29, 33, 34, 35, 36, 37, 40, 41, 44, 47, 48, 52, 58, 55, 57, 63, 68, 63, 59, 53, 49, 48, 45, 43, 38, 42, 41, 38, 37, 36, 35, 34, 30, 33, 34, 35, 36, 37, 40, 41, 44, 47, 48, 52, 58, 55, 57, 62, 67, 74, 70, 61, 69, 64, 59, 53, 58, 55, 57, 63, 68, 63, 58, 62, 67, 73, 77, 82, 89, 95, 102, 97, 101, 106, 109, 113, 114, 119, 122, 128, 133, 126, 132, 143, 149, 142, 138, 132, 128, 124, 119, 118, 114, 111, 108, 101, 107, 100, 93, 99, 91, 84, 82, 80, 70, 79, 73, 78, 74, 66, 60, 65, 60, 64, 73, 68, 63, 67, 72, 77, 81, 83, 90, 98, 91, 97, 106, 101, 105, 110, 113, 117, 118, 123, 127, 131, 137, 132, 126, 123, 118, 117, 113, 110, 107, 100, 106, 99, 92, 98, 90, 83, 81, 79, 69, 78, 73, 65, 60, 64, 72, 67, 71, 77, 73, 65, 60, 57, 59, 64, 72, 67, 63, 56, 53, 52, 49, 47, 44, 41, 40, 38, 37, 36, 32, 35, 36, 37, 39, 40, 43, 46, 48, 51, 52, 55, 62, 59, 61, 66, 71, 76, 80, 82, 89, 97, 90, 96, 105, 100, 104, 109, 112, 116, 117, 122, 125, 131, 136, 129, 135, 141, 148, 153, 143, 138, 136, 130, 126, 122, 117, 116, 112, 109, 106, 100, 92, 85, 80, 78, 68, 63, 57, 62, 57, 61, 67, 62, 66, 77, 71, 76, 72, 63, 71, 66, 60, 65, 60, 58, 54, 57, 59, 64, 70, 65, 59, 64, 60, 63, 69, 75, 79, 84, 91, 99, 105, 98, 92, 85, 80, 78, 68, 77, 71, 76, 72, 63, 71, 66, 60, 65, 60, 58, 54, 57, 59, 64, 70, 65, 59, 64, 60, 58, 54, 57, 59, 63, 69, 75, 79, 84, 91, 97, 104, 99, 103, 108, 111, 115, 116, 121, 125, 129, 135, 130, 124, 121, 116, 115, 111, 108, 105, 99, 91, 84, 79, 77, 67, 62, 57, 55, 51, 54, 56, 61, 66, 61, 65, 76, 71, 62, 57, 61, 70, 65, 60, 58, 53, 50, 47, 45, 40, 44, 43, 40, 39, 38, 37, 36, 34, 29, 26, 28, 33, 29, 27, 22, 20, 18, 14, 17, 14, 16, 19, 21, 26, 22, 25, 28, 32, 27, 31, 35, 36, 37, 38, 39, 42, 43, 46, 49, 52, 57, 53, 48, 45, 43, 38, 42, 41, 38, 37, 36, 35, 34, 32, 27, 24, 26, 31, 27, 25, 21, 24, 26, 30, 25, 29, 33, 34, 35, 36, 37, 40, 41, 44, 47, 52, 56, 59, 64, 69, 64, 60, 63, 68, 75, 71, 62, 70, 65, 60, 58, 54, 57, 59, 64, 69, 64, 59, 63, 68, 74, 78, 83, 90, 98, 104, 97, 91, 84, 79, 77, 67, 76, 71, 62, 57, 55, 51, 54, 56, 61, 70, 65, 60, 58, 53, 50, 47, 45, 40, 44, 43, 40, 39, 38, 37, 36, 34, 29, 27, 22, 20, 18, 16, 12, 15, 12, 11, 10, 8, 7, 6, 5, 4, 3, 2, 1]","[122, 167, 195, 316, 359, 365, 391, 427, 464, 471, 483, 572, 631, 655, 696, 717, 751, 778, 828, 857, 942, 984, 999, 111, 133, 146, 154, 179, 188, 219, 225, 238, 243, 252, 261, 276, 287, 294, 324, 337, 348, 373, 382, 415, 432, 449, 456, 498, 514, 526, 539, 541, 553, 568, 585, 597, 618, 623, 647, 662, 674, 689, 729, 734, 745, 763, 786, 792, 812, 836, 844, 869, 875, 881, 893, 913, 921, 935, 958, 966, 977]",1183,72,5.2465064
4x4,0,4,"[26, 21, 19, 16, 14, 13, 10, 6, 9, 6, 4, 3, 2, 1]","[141, 243, 313, 414, 112, 123, 134, 211, 224, 232, 322, 331, 344, 421, 433, 442]",0,13,0.03283449999999999
4x4,0,6,"[16, 13, 10, 9, 8, 6, 4, 3, 2, 1]","[133, 211, 244, 312, 343, 421, 114, 122, 141, 223, 232, 324, 331, 413, 434, 442]",0,10,0.027567499999999995
4x4,0,4,"[24, 22, 17, 21, 16, 14, 12, 10, 8, 6, 4, 3, 2, 1]","[113, 232, 321, 442, 122, 134, 141, 211, 224, 243, 312, 333, 344, 414, 423, 431]",0,13,0.020431300000000013
4x4,1,4,"[26, 17, 25, 17, 24, 15, 23, 15, 22, 18, 21, 17, 13, 16, 11, 15, 13, 9, 8, 7, 6, 5, 4, 3, 2, 1]","[113, 121, 434, 443, 212, 224, 331, 241, 342, 132, 233, 314, 323, 422, 411, 144]",0,19,0.0481115
4x4,1,6,"[16, 10, 15, 9, 14, 9, 13, 8, 12, 7, 11, 9, 8, 7, 6, 5, 4, 3, 2, 1]","[121, 212, 243, 311, 342, 433, 144, 414, 334, 441, 224, 113, 132, 231, 323, 422]",0,15,0.04372230000000002
4x4,1,6,"[16, 9, 15, 8, 14, 9, 13, 9, 12, 7, 11, 7, 10, 9, 8, 7, 6, 5, 4, 3, 2, 1]","[132, 144, 241, 311, 414, 422, 113, 443, 233, 323, 121, 212, 224, 334, 342, 431]",0,16,0.0321863
4x4,1,4,"[28, 20, 14, 10, 13, 19, 13, 18, 12, 17, 14, 16, 27, 19, 12, 18, 14, 10, 13, 9, 12, 8, 11, 7, 10, 9, 8, 7, 6, 5, 4, 3, 2, 1]","[124, 143, 414, 431, 222, 312, 344, 111, 321, 423, 234, 333, 442, 213, 241, 132]",5,18,0.037329800000000024
4x4,1,4,"[28, 19, 27, 20, 13, 19, 14, 10, 13, 18, 12, 17, 14, 16, 26, 19, 12, 18, 14, 10, 13, 9, 12, 8, 11, 7, 10, 9, 8, 7, 6, 5, 4, 3, 2, 1]","[121, 143, 414, 433, 242, 332, 323, 134, 344, 441, 213, 311, 231, 422, 224, 112]",5,19,0.03594190000000003
4x4,1,4,"[24, 16, 23, 15, 22, 16, 21, 15, 20, 14, 19, 15, 18, 14, 9, 13, 9, 12, 10, 9, 8, 7, 6, 5, 4, 3, 2, 1]","[111, 232, 324, 444, 313, 331, 433, 421, 412, 342, 122, 241, 143, 223, 134, 214]",0,20,0.04251060000000001
9x9,0,23,"[240, 233, 221, 211, 220, 204, 194, 186, 193, 188, 192, 203, 191, 184, 190, 186, 189, 202, 195, 188, 194, 190, 180, 174, 179, 189, 184, 176, 172, 167, 161, 166, 158, 151, 144, 150, 147, 141, 133, 131, 130, 124, 119, 113, 107, 102, 95, 101, 93, 100, 97, 90, 96, 91, 95, 89, 84, 78, 83, 79, 82, 88, 82, 87, 94, 99, 106, 112, 107, 102, 95, 90, 94, 88, 93, 101, 93, 100, 96, 89, 95, 90, 94, 88, 83, 77, 82, 78, 81, 87, 81, 86, 93, 99, 106, 111, 118, 123, 117, 114, 108, 103, 96, 102, 94, 101, 98, 91, 97, 92, 96, 90, 85, 81, 75, 70, 65, 69, 74, 80, 84, 89, 82, 78, 75, 70, 65, 69, 74, 77, 81, 88, 95, 100, 107, 113, 108, 103, 96, 91, 95, 89, 94, 102, 94, 101, 97, 90, 96, 91, 95, 89, 84, 80, 74, 69, 64, 68, 73, 79, 83, 88, 81, 77, 74, 69, 64, 68, 73, 76, 80, 87, 94, 100, 107, 112, 116, 122, 129, 124, 118, 115, 109, 104, 97, 103, 95, 102, 99, 92, 98, 93, 97, 91, 86, 82, 76, 81, 85, 90, 83, 79, 76, 71, 66, 70, 75, 78, 82, 89, 96, 101, 108, 114, 109, 104, 97, 92, 96, 90, 95, 103, 95, 102, 98, 91, 97, 92, 96, 90, 85, 81, 75, 80, 84, 89, 82, 78, 75, 70, 65, 69, 74, 77, 81, 88, 95, 101, 108, 113, 117, 123, 128, 122, 118, 115, 109, 104, 97, 103, 95, 102, 99, 92, 98, 93, 97, 91, 87, 78, 86, 82, 75, 81, 85, 90, 96, 101, 108, 114, 109, 104, 97, 92, 96, 90, 95, 103, 95, 102, 98, 91, 97, 92, 96, 90, 86, 77, 85, 81, 74, 80, 84, 89, 95, 101, 108, 113, 117, 121, 127, 130, 132, 140, 146, 149, 157, 150, 147, 140, 146, 136, 129, 127, 126, 120, 125, 122, 118, 115, 108, 103, 96, 102, 94, 101, 98, 91, 97, 92, 86, 91, 96, 90, 84, 89, 95, 100, 107, 114, 109, 103, 96, 91, 86, 90, 95, 89, 94, 102, 95, 101, 97, 90, 96, 91, 86, 90, 95, 89, 84, 88, 94, 100, 108, 113, 117, 121, 124, 126, 128, 135, 145, 149, 156, 146, 140, 145, 143, 136, 142, 137, 130, 128, 127, 121, 126, 123, 119, 116, 109, 104, 97, 103, 95, 102, 99, 92, 98, 93, 97, 91, 87, 78, 86, 82, 75, 81, 85, 90, 96, 101, 108, 115, 110, 104, 97, 92, 96, 90, 95, 103, 96, 102, 98, 91, 97, 92, 96, 90, 86, 78, 85, 81, 75, 80, 84, 89, 95, 101, 109, 114, 118, 122, 125, 127, 129, 136, 141, 144, 155, 165, 171, 175, 183, 177, 182, 188, 193, 201, 219, 215, 205, 197, 204, 199, 193, 186, 192, 183, 179, 173, 166, 172, 160, 154, 148, 153, 151, 146, 139, 136, 131, 125, 118, 114, 108, 103, 96, 91, 95, 89, 94, 102, 94, 101, 97, 90, 96, 91, 95, 89, 83, 81, 75, 70, 65, 69, 74, 80, 82, 88, 80, 87, 84, 81, 75, 70, 65, 69, 74, 80, 83, 86, 94, 100, 107, 113, 108, 103, 97, 92, 96, 90, 95, 102, 94, 101, 97, 91, 96, 100, 107, 112, 117, 124, 120, 114, 108, 103, 96, 91, 95, 89, 94, 102, 94, 101, 97, 90, 96, 91, 95, 89, 83, 78, 75, 70, 65, 69, 74, 77, 82, 88, 81, 78, 75, 70, 65, 69, 74, 77, 80, 87, 83, 86, 94, 100, 107, 113, 108, 103, 97, 92, 96, 90, 95, 102, 94, 101, 97, 91, 96, 100, 107, 112, 119, 123, 130, 123, 118, 114, 108, 103, 96, 91, 95, 89, 94, 102, 94, 101, 97, 90, 96, 91, 95, 89, 84, 88, 85, 81, 74, 80, 84, 87, 94, 100, 107, 113, 108, 103, 97, 92, 96, 90, 95, 102, 94, 101, 97, 91, 96, 100, 107, 112, 117, 122, 118, 115, 109, 104, 97, 92, 96, 90, 95, 103, 95, 102, 98, 91, 97, 92, 96, 90, 85, 89, 85, 81, 74, 69, 64, 68, 73, 80, 84, 88, 95, 101, 108, 114, 109, 104, 98, 93, 97, 91, 96, 103, 95, 102, 98, 92, 97, 101, 108, 113, 117, 121, 129, 124, 119, 113, 107, 102, 95, 90, 94, 88, 93, 101, 93, 100, 96, 89, 95, 90, 94, 88, 83, 77, 82, 78, 81, 87, 81, 86, 93, 99, 106, 112, 107, 102, 96, 91, 95, 89, 94, 101, 93, 100, 96, 90, 95, 99, 106, 111, 118, 123, 117, 114, 108, 103, 96, 91, 95, 89, 94, 102, 94, 101, 97, 90, 96, 91, 95, 89, 84, 80, 74, 69, 64, 68, 73, 79, 83, 88, 81, 77, 74, 69, 64, 68, 73, 76, 80, 87, 94, 100, 107, 113, 108, 103, 97, 92, 96, 90, 95, 102, 94, 101, 97, 91, 96, 100, 107, 112, 116, 122, 128, 135, 138, 145, 150, 152, 159, 153, 151, 145, 150, 152, 158, 171, 163, 156, 162, 155, 152, 145, 151, 142, 135, 132, 126, 122, 117, 113, 107, 102, 95, 101, 93, 100, 97, 90, 96, 91, 84, 90, 87, 82, 86, 89, 95, 89, 82, 88, 85, 79, 84, 79, 83, 87, 94, 99, 106, 112, 107, 102, 96, 91, 84, 90, 87, 82, 86, 89, 95, 89, 94, 101, 93, 100, 96, 90, 95, 99, 106, 111, 116, 121, 117, 114, 108, 103, 96, 102, 94, 101, 98, 91, 97, 92, 85, 91, 87, 82, 79, 74, 69, 67, 62, 66, 63, 57, 62, 61, 55, 60, 56, 52, 49, 46, 48, 51, 55, 59, 61, 65, 68, 73, 78, 81, 86, 90, 96, 90, 83, 89, 85, 79, 84, 79, 75, 70, 65, 69, 74, 78, 83, 88, 95, 100, 107, 113, 108, 103, 97, 92, 85, 91, 87, 82, 79, 74, 69, 67, 62, 66, 63, 57, 62, 61, 55, 60, 56, 52, 48, 51, 48, 46, 44, 43, 38, 35, 32, 27, 31, 29, 26, 22, 25, 22, 18, 21, 20, 17, 14, 12, 10, 9, 8, 7, 6, 5, 4, 3, 2, 1]","[168, 211, 289, 295, 325, 373, 412, 476, 484, 516, 548, 551, 629, 644, 683, 724, 819, 836, 923, 945, 952, 964, 999, 113, 122, 139, 141, 155, 174, 187, 196, 226, 238, 243, 254, 267, 272, 314, 337, 342, 359, 366, 388, 391, 421, 433, 449, 457, 465, 498, 527, 534, 563, 579, 585, 592, 618, 635, 656, 662, 671, 697, 715, 732, 746, 758, 769, 777, 781, 793, 828, 847, 853, 861, 875, 882, 894, 917, 931, 978, 986]",468,76,4.032842
4x4,1,4,"[26, 17, 25, 17, 24, 15, 23, 15, 22, 18, 21, 18, 14, 17, 12, 16, 12, 15, 12, 8, 11, 7, 10, 9, 8, 7, 6, 5, 4, 3, 2, 1]","[211, 223, 333, 342, 124, 441, 434, 244, 131, 422, 112, 232, 143, 413, 321, 314]",0,22,0.03487399999999999
4x4,1,4,"[28, 19, 27, 18, 26, 18, 14, 10, 13, 9, 12, 8, 11, 7, 10, 9, 8, 7, 6, 5, 4, 3, 2, 1]","[123, 231, 324, 434, 312, 442, 144, 333, 341, 421, 214, 243, 413, 132, 111, 222]",0,18,0.02778839999999999
4x4,1,6,"[16, 9, 15, 8, 14, 9, 13, 7, 12, 7, 11, 7, 10, 9, 8, 7, 6, 5, 4, 3, 2, 1]","[131, 222, 234, 324, 332, 421, 243, 313, 123, 433, 114, 142, 211, 341, 412, 444]",0,16,0.030024300000000004
4x4,1,6,"[14, 10, 13, 9, 12, 8, 11, 7, 10, 9, 8, 7, 6, 5, 4, 3, 2, 1]","[112, 124, 211, 343, 432, 444, 133, 421, 141, 223, 331, 413, 234, 322, 242, 314]",0,14,0.02715329999999999
4x4,2,4,"[28, 24, 17, 23, 18, 12, 10, 9, 7, 3, 6, 5, 4, 3, 2, 1]","[121, 231, 322, 434, 341, 212, 243, 224, 314, 423, 113, 132, 144, 411, 333, 442]",0,14,0.018355699999999975
4x4,2,4,"[24, 19, 23, 16, 22, 19, 14, 9, 13, 9, 12, 7, 11, 10, 9, 8, 4, 7, 6, 5, 4, 3, 2, 1]","[141, 221, 332, 414, 112, 213, 431, 311, 422, 344, 124, 234, 443, 323, 242, 133]",0,18,0.018566199999999977
4x4,2,6,"[16, 12, 15, 10, 14, 10, 13, 9, 8, 7, 6, 5, 4, 3, 2, 1]","[121, 213, 241, 314, 342, 434, 443, 232, 144, 411, 112, 323, 422, 133, 331, 224]",0,13,0.01542259999999998
4x4,2,4,"[26, 21, 19, 13, 18, 11, 17, 13, 8, 12, 9, 8, 7, 5, 4, 3, 2, 1]","[214, 223, 332, 344, 433, 134, 441, 122, 412, 242, 111, 313, 143, 321, 424, 231]",0,15,0.017258899999999994
4x4,2,6,"[16, 9, 15, 11, 9, 8, 6, 5, 4, 3, 2, 1]","[211, 223, 242, 312, 333, 341, 114, 432, 131, 421, 413, 143, 324, 122, 444, 234]",0,11,0.019605499999999998
4x4,2,4,"[24, 18, 23, 19, 15, 10, 14, 11, 9, 8, 6, 5, 4, 3, 2, 1]","[124, 143, 412, 431, 423, 111, 333, 234, 321, 222, 314, 213, 444, 241, 342, 132]",0,14,0.0169937
4x4,2,6,"[16, 12, 8, 11, 9, 7, 6, 5, 4, 3, 2, 1]","[144, 224, 231, 322, 333, 413, 111, 341, 442, 434, 421, 212, 243, 132, 314, 123]",0,11,0.014041499999999985
4x4,2,6,"[16, 11, 6, 10, 9, 8, 7, 6, 4, 3, 2, 1]","[114, 142, 213, 343, 412, 444, 431, 332, 222, 423, 133, 311, 234, 241, 324, 121]",0,11,0.017703200000000002
4x4,2,6,"[14, 9, 13, 11, 9, 7, 6, 5, 4, 3, 2, 1]","[114, 122, 211, 342, 431, 443, 313, 334, 133, 412, 424, 141, 321, 223, 232, 244]",0,11,0.01586949999999998
4x4,2,6,"[14, 10, 13, 10, 9, 8, 7, 6, 2, 5, 4, 3, 2, 1]","[134, 141, 233, 324, 412, 423, 242, 221, 444, 113, 214, 431, 343, 122, 332, 311]",0,12,0.015050800000000003
4x4,3,6,"[16, 12, 9, 8, 7, 6, 4, 3, 2, 1]","[144, 213, 242, 312, 343, 414, 111, 231, 122, 133, 224, 321, 334, 423, 432, 441]",0,10,0.0179753
4x4,3,4,"[26, 21, 16, 14, 11, 8, 7, 6, 5, 3, 2, 1]","[113, 121, 432, 441, 134, 414, 142, 212, 243, 224, 231, 311, 333, 344, 322, 423]",0,12,0.01834570000000002
4x4,3,4,"[24, 19, 16, 15, 13, 12, 10, 8, 5, 3, 2, 1]","[111, 233, 322, 443, 224, 414, 123, 212, 313, 241, 421, 344, 432, 142, 134, 331]",0,12,0.0174454
4x4,3,6,"[16, 11, 8, 7, 6, 5, 4, 3, 2, 1]","[121, 132, 213, 342, 423, 431, 114, 234, 143, 222, 241, 311, 324, 333, 412, 444]",0,10,0.019650500000000015
4x4,3,4,"[26, 21, 16, 14, 10, 9, 8, 7, 6, 3, 2, 1]","[132, 233, 322, 424, 221, 431, 123, 244, 114, 141, 212, 334, 343, 413, 311, 442]",0,12,0.019032700000000013
4x4,3,4,"[26, 21, 16, 12, 9, 8, 7, 6, 5, 3, 2, 1]","[112, 133, 423, 441, 144, 414, 121, 242, 213, 224, 231, 311, 322, 343, 334, 432]",0,12,0.018867699999999987
4x4,3,4,"[24, 19, 16, 14, 13, 11, 9, 6, 4, 3, 2, 1]","[122, 241, 312, 433, 134, 344, 143, 232, 111, 331, 414, 323, 213, 224, 421, 442]",0,12,0.016537299999999977
4x4,3,4,"[20, 17, 14, 13, 11, 9, 8, 6, 4, 3, 2, 1]","[133, 212, 344, 421, 124, 241, 111, 142, 223, 234, 313, 322, 414, 331, 432, 443]",0,12,0.018617300000000003
4x4,3,4,"[26, 21, 16, 12, 9, 8, 7, 6, 5, 3, 2, 1]","[111, 133, 423, 442, 144, 414, 122, 241, 213, 224, 232, 312, 321, 343, 334, 431]",0,12,0.01691780000000001
4x4,3,6,"[14, 11, 9, 8, 7, 6, 5, 3, 2, 1]","[112, 214, 223, 332, 341, 443, 121, 144, 231, 133, 242, 313, 324, 411, 422, 434]",0,10,0.01678170000000001
9x9,0,25,"[211, 199, 190, 183, 171, 161, 170, 165, 157, 148, 143, 147, 156, 152, 142, 151, 147, 135, 146, 140, 145, 132, 123, 131, 128, 122, 127, 122, 118, 121, 126, 130, 144, 132, 123, 131, 128, 122, 127, 122, 118, 121, 126, 130, 143, 137, 142, 150, 155, 147, 143, 146, 154, 164, 169, 182, 169, 161, 168, 163, 157, 149, 144, 148, 156, 152, 142, 151, 147, 136, 146, 141, 145, 133, 130, 125, 129, 132, 144, 138, 143, 150, 155, 147, 143, 146, 154, 162, 167, 181, 174, 166, 173, 164, 158, 150, 145, 149, 157, 153, 143, 152, 148, 137, 147, 142, 146, 134, 131, 126, 130, 133, 145, 139, 144, 151, 156, 148, 144, 147, 155, 163, 172, 180, 189, 179, 168, 163, 161, 154, 160, 156, 146, 155, 151, 139, 150, 145, 133, 144, 135, 143, 140, 133, 139, 131, 138, 133, 128, 132, 125, 123, 119, 122, 119, 116, 115, 109, 114, 108, 103, 102, 98, 94, 84, 93, 85, 81, 74, 69, 64, 68, 73, 80, 84, 92, 84, 81, 73, 68, 63, 67, 72, 80, 73, 68, 63, 67, 72, 79, 83, 91, 97, 92, 88, 84, 77, 72, 67, 71, 76, 83, 87, 91, 96, 101, 102, 107, 113, 105, 101, 100, 96, 92, 82, 91, 87, 81, 74, 69, 64, 68, 73, 80, 86, 81, 73, 68, 63, 67, 72, 80, 73, 68, 63, 67, 72, 79, 85, 90, 95, 90, 86, 89, 94, 99, 100, 104, 112, 115, 118, 121, 124, 131, 137, 142, 149, 154, 159, 151, 147, 150, 158, 162, 167, 178, 171, 164, 170, 177, 188, 182, 171, 162, 160, 152, 159, 151, 147, 135, 146, 141, 131, 140, 135, 139, 136, 129, 135, 129, 134, 138, 145, 150, 158, 154, 145, 134, 144, 140, 135, 139, 136, 130, 135, 133, 128, 132, 125, 123, 119, 122, 119, 116, 115, 109, 114, 108, 103, 102, 98, 94, 84, 93, 83, 80, 73, 68, 63, 67, 72, 79, 82, 92, 86, 82, 74, 69, 64, 68, 73, 81, 74, 69, 64, 68, 73, 80, 85, 91, 97, 92, 88, 84, 77, 72, 67, 71, 76, 83, 87, 91, 96, 101, 102, 107, 113, 105, 101, 100, 96, 92, 82, 91, 87, 80, 73, 68, 63, 67, 72, 79, 86, 82, 74, 69, 64, 68, 73, 81, 74, 69, 64, 68, 73, 80, 85, 90, 95, 90, 86, 89, 94, 99, 100, 104, 112, 115, 118, 121, 124, 131, 134, 138, 143, 153, 147, 136, 146, 142, 133, 127, 132, 130, 125, 129, 122, 120, 115, 119, 115, 112, 111, 105, 110, 104, 103, 102, 98, 94, 84, 93, 83, 80, 73, 68, 63, 67, 72, 79, 82, 92, 86, 82, 74, 69, 64, 68, 73, 81, 74, 69, 64, 68, 73, 80, 85, 91, 97, 92, 88, 84, 77, 72, 67, 71, 76, 83, 87, 91, 96, 101, 102, 103, 109, 105, 108, 111, 114, 118, 115, 117, 121, 128, 131, 141, 137, 131, 136, 131, 126, 130, 123, 121, 116, 120, 116, 113, 112, 106, 111, 105, 104, 103, 99, 95, 85, 94, 84, 80, 73, 68, 63, 67, 72, 79, 83, 93, 85, 81, 73, 68, 63, 67, 72, 80, 73, 68, 63, 67, 72, 79, 84, 92, 98, 93, 89, 84, 77, 72, 67, 71, 76, 83, 88, 92, 97, 102, 103, 104, 110, 106, 109, 112, 115, 119, 116, 118, 122, 129, 135, 140, 145, 152, 157, 149, 146, 135, 145, 141, 136, 140, 137, 131, 136, 134, 129, 133, 126, 124, 120, 123, 120, 117, 116, 110, 115, 109, 104, 103, 99, 95, 85, 94, 84, 81, 74, 69, 64, 68, 73, 80, 83, 93, 87, 83, 75, 70, 65, 69, 74, 82, 75, 70, 65, 69, 74, 81, 86, 92, 98, 93, 89, 85, 78, 73, 68, 72, 77, 84, 88, 92, 97, 102, 103, 108, 114, 106, 102, 101, 97, 93, 83, 92, 88, 81, 74, 69, 64, 68, 73, 80, 87, 83, 75, 70, 65, 69, 74, 82, 75, 70, 65, 69, 74, 81, 86, 91, 96, 91, 87, 90, 95, 100, 101, 105, 113, 116, 119, 122, 125, 132, 135, 139, 144, 148, 156, 161, 170, 181, 169, 162, 168, 180, 187, 198, 191, 182, 171, 162, 160, 152, 159, 151, 147, 135, 146, 141, 131, 140, 135, 139, 136, 129, 135, 129, 134, 138, 145, 150, 158, 154, 145, 153, 147, 136, 146, 142, 133, 127, 132, 130, 125, 129, 122, 120, 115, 119, 115, 112, 114, 118, 115, 117, 121, 128, 131, 141, 137, 131, 136, 131, 126, 130, 123, 121, 116, 120, 116, 113, 115, 119, 116, 118, 122, 129, 135, 140, 145, 152, 157, 149, 146, 135, 145, 141, 136, 140, 137, 131, 136, 134, 129, 133, 126, 124, 120, 123, 120, 117, 116, 110, 115, 109, 104, 103, 99, 94, 84, 93, 83, 80, 73, 68, 63, 67, 72, 79, 82, 92, 86, 82, 74, 69, 64, 68, 73, 81, 74, 69, 64, 68, 73, 80, 85, 91, 98, 92, 88, 84, 77, 72, 67, 71, 76, 83, 87, 91, 97, 92, 96, 102, 103, 108, 114, 106, 102, 101, 97, 92, 82, 91, 87, 80, 73, 68, 63, 67, 72, 79, 86, 82, 74, 69, 64, 68, 73, 81, 74, 69, 64, 68, 73, 80, 85, 90, 96, 90, 86, 89, 95, 90, 94, 100, 101, 105, 113, 116, 119, 122, 125, 132, 135, 139, 144, 148, 156, 161, 170, 181, 169, 162, 168, 180, 190, 184, 172, 183, 176, 168, 175, 166, 160, 152, 148, 136, 147, 141, 146, 133, 128, 132, 129, 123, 128, 126, 122, 125, 127, 131, 145, 137, 128, 136, 133, 127, 132, 127, 123, 126, 131, 135, 144, 138, 143, 151, 159, 155, 146, 154, 148, 137, 147, 142, 146, 134, 130, 125, 129, 133, 145, 138, 130, 125, 129, 137, 144, 153, 158, 150, 147, 136, 146, 141, 145, 137, 134, 129, 133, 136, 144, 138, 143, 149, 157, 165, 174, 182, 189, 180, 169, 179, 173, 166, 172, 178, 188, 197, 210, 198, 188, 181, 169, 159, 168, 163, 155, 146, 141, 145, 154, 150, 140, 149, 145, 133, 144, 138, 143, 130, 121, 129, 126, 120, 125, 120, 116, 119, 124, 128, 142, 130, 121, 129, 126, 120, 125, 120, 116, 119, 124, 128, 141, 135, 140, 148, 153, 145, 141, 144, 152, 162, 167, 180, 167, 159, 166, 161, 155, 147, 142, 146, 154, 150, 140, 149, 145, 134, 144, 139, 143, 131, 128, 123, 127, 130, 142, 136, 141, 148, 153, 145, 141, 144, 152, 160, 165, 179, 172, 164, 171, 162, 156, 148, 143, 147, 155, 151, 141, 150, 146, 135, 145, 140, 144, 132, 129, 124, 128, 131, 143, 137, 142, 149, 154, 146, 142, 145, 153, 161, 170, 178, 187, 177, 166, 161, 159, 152, 158, 154, 144, 153, 149, 137, 148, 143, 131, 142, 133, 141, 138, 131, 137, 129, 136, 131, 126, 130, 123, 121, 117, 120, 117, 114, 113, 107, 112, 106, 101, 100, 96, 90, 86, 82, 85, 89, 95, 91, 86, 81, 73, 68, 67, 62, 66, 67, 72, 80, 73, 68, 67, 62, 66, 67, 72, 79, 85, 90, 94, 99, 100, 105, 111, 103, 99, 98, 94, 88, 84, 87, 93, 89, 85, 79, 72, 67, 66, 60, 65, 63, 60, 57, 52, 51, 50, 49, 43, 41, 36, 40, 42, 48, 43, 41, 36, 40, 42, 47, 49, 50, 51, 56, 59, 62, 64, 66, 71, 78, 84, 79, 71, 66, 65, 59, 64, 62, 59, 56, 51, 55, 58, 61, 63, 65, 70, 78, 71, 66, 65, 59, 64, 62, 59, 56, 51, 55, 58, 61, 63, 65, 70, 77, 83, 88, 92, 97, 98, 102, 110, 113, 116, 119, 122, 129, 135, 140, 147, 152, 157, 149, 145, 148, 156, 160, 165, 176, 169, 162, 168, 175, 186, 180, 169, 160, 158, 150, 157, 149, 145, 133, 144, 139, 129, 138, 133, 137, 134, 127, 133, 127, 132, 136, 143, 148, 156, 152, 143, 132, 142, 138, 133, 137, 134, 128, 133, 131, 126, 130, 123, 121, 117, 120, 117, 114, 113, 107, 112, 106, 101, 100, 96, 90, 86, 82, 85, 89, 95, 91, 86, 80, 73, 68, 67, 62, 66, 67, 72, 79, 85, 90, 94, 99, 100, 105, 111, 103, 99, 98, 94, 88, 84, 87, 93, 89, 85, 78, 71, 66, 65, 59, 64, 62, 59, 56, 51, 50, 49, 48, 43, 41, 36, 34, 31, 27, 30, 33, 35, 40, 42, 47, 48, 49, 50, 55, 58, 61, 63, 65, 70, 77, 84, 80, 72, 67, 66, 60, 65, 63, 60, 57, 52, 56, 59, 62, 64, 66, 71, 79, 72, 67, 66, 60, 65, 63, 60, 57, 52, 56, 59, 62, 64, 66, 71, 78, 83, 88, 92, 97, 98, 102, 110, 113, 116, 119, 122, 129, 132, 136, 141, 151, 145, 134, 144, 140, 131, 125, 130, 128, 123, 127, 120, 118, 113, 117, 113, 110, 109, 103, 108, 102, 101, 100, 96, 90, 86, 82, 85, 89, 95, 91, 86, 80, 73, 68, 67, 62, 66, 67, 72, 79, 85, 90, 94, 99, 100, 101, 107, 103, 106, 109, 112, 116, 113, 115, 119, 126, 129, 139, 135, 129, 134, 129, 124, 128, 121, 119, 114, 118, 114, 111, 110, 104, 109, 103, 102, 101, 97, 91, 87, 82, 86, 90, 96, 92, 87, 80, 73, 68, 67, 62, 66, 67, 72, 79, 86, 81, 73, 68, 67, 62, 66, 67, 72, 80, 73, 68, 67, 62, 66, 67, 72, 79, 85, 91, 95, 100, 101, 102, 108, 104, 107, 110, 113, 117, 114, 116, 120, 127, 133, 138, 143, 150, 155, 147, 144, 133, 143, 139, 134, 138, 135, 129, 134, 132, 127, 131, 124, 122, 118, 121, 118, 115, 114, 108, 113, 107, 102, 101, 97, 91, 87, 83, 86, 90, 96, 92, 87, 81, 74, 69, 68, 63, 67, 68, 73, 80, 86, 91, 95, 100, 101, 106, 112, 104, 100, 99, 95, 89, 85, 88, 94, 90, 86, 79, 72, 67, 66, 60, 65, 63, 60, 57, 52, 51, 50, 49, 44, 42, 37, 35, 32, 28, 25, 23, 21, 20, 19, 17, 16, 12, 10, 11, 15, 12, 10, 11, 14, 16, 18, 19, 20, 22, 24, 27, 31, 27, 30, 34, 36, 41, 43, 48, 49, 50, 51, 56, 59, 62, 64, 66, 71, 78, 85, 81, 73, 68, 67, 61, 66, 64, 61, 58, 53, 57, 60, 63, 65, 67, 72, 80, 73, 68, 67, 61, 66, 64, 61, 58, 53, 57, 60, 63, 65, 67, 72, 79, 84, 89, 93, 98, 99, 103, 111, 114, 117, 120, 123, 130, 133, 137, 142, 146, 154, 159, 168, 179, 167, 160, 166, 178, 185, 197, 190, 184, 173, 166, 158, 148, 157, 148, 138, 147, 143, 137, 142, 129, 124, 128, 125, 123, 119, 122, 124, 127, 141, 133, 124, 132, 129, 124, 120, 123, 128, 131, 140, 134, 139, 146, 156, 152, 143, 151, 142, 150, 144, 138, 143, 130, 121, 129, 125, 120, 124, 128, 142, 130, 121, 129, 125, 120, 124, 128, 141, 134, 125, 120, 124, 133, 125, 120, 124, 132, 140, 149, 155, 147, 138, 146, 143, 137, 142, 129, 124, 128, 125, 123, 119, 122, 124, 127, 141, 133, 124, 132, 129, 124, 120, 123, 128, 131, 140, 134, 139, 145, 154, 165, 172, 163, 159, 149, 158, 150, 157, 153, 144, 138, 143, 130, 125, 129, 126, 124, 117, 116, 112, 108, 111, 115, 112, 109, 106, 100, 105, 99, 104, 103, 99, 98, 94, 88, 84, 87, 93, 89, 85, 78, 71, 66, 65, 59, 64, 62, 59, 56, 51, 50, 49, 48, 43, 41, 36, 34, 31, 28, 24, 27, 30, 33, 35, 40, 42, 47, 48, 49, 50, 55, 58, 61, 63, 65, 70, 77, 84, 80, 72, 67, 66, 60, 65, 63, 60, 57, 52, 56, 59, 62, 64, 66, 71, 79, 72, 67, 66, 60, 65, 63, 60, 57, 52, 56, 59, 62, 64, 66, 71, 78, 83, 88, 92, 97, 98, 102, 103, 108, 111, 114, 116, 123, 125, 128, 142, 134, 125, 133, 130, 125, 118, 117, 113, 109, 112, 116, 113, 110, 107, 101, 106, 100, 105, 104, 100, 99, 95, 89, 84, 88, 94, 90, 85, 78, 71, 66, 65, 59, 64, 62, 59, 56, 51, 50, 49, 48, 43, 41, 36, 34, 31, 27, 30, 33, 35, 40, 42, 47, 48, 49, 50, 55, 58, 61, 63, 65, 70, 77, 84, 79, 71, 66, 65, 59, 64, 62, 59, 56, 51, 55, 58, 61, 63, 65, 70, 78, 71, 66, 65, 59, 64, 62, 59, 56, 51, 55, 58, 61, 63, 65, 70, 77, 83, 89, 93, 98, 99, 103, 104, 109, 112, 115, 117, 124, 129, 132, 141, 135, 140, 152, 143, 151, 145, 136, 144, 139, 143, 131, 127, 124, 126, 130, 142, 135, 127, 124, 126, 134, 141, 150, 156, 148, 139, 147, 144, 135, 143, 138, 142, 134, 131, 128, 121, 120, 116, 119, 116, 112, 110, 103, 109, 107, 102, 100, 96, 90, 85, 89, 95, 91, 94, 99, 101, 106, 108, 111, 115, 118, 120, 127, 130, 133, 141, 135, 140, 146, 155, 162, 171, 183, 171, 164, 158, 148, 157, 149, 139, 148, 144, 138, 143, 130, 125, 129, 126, 124, 120, 123, 125, 128, 142, 134, 125, 133, 130, 125, 121, 124, 129, 132, 141, 135, 140, 147, 156, 152, 143, 151, 142, 150, 144, 139, 143, 131, 127, 130, 142, 135, 127, 134, 141, 149, 155, 147, 138, 146, 143, 138, 142, 134, 141, 135, 140, 145, 154, 163, 170, 163, 169, 182, 189, 180, 170, 164, 162, 152, 161, 154, 160, 156, 147, 155, 146, 154, 148, 143, 131, 125, 130, 142, 133, 125, 132, 130, 125, 129, 122, 120, 115, 119, 115, 118, 115, 112, 111, 104, 98, 103, 102, 100, 96, 90, 86, 82, 85, 89, 95, 91, 86, 80, 73, 68, 67, 62, 66, 67, 72, 79, 85, 90, 94, 99, 101, 102, 110, 101, 109, 105, 108, 111, 114, 117, 121, 128, 131, 141, 137, 129, 136, 131, 126, 130, 123, 121, 116, 120, 116, 119, 116, 113, 112, 105, 99, 104, 103, 101, 97, 91, 87, 82, 86, 90, 96, 92, 87, 80, 73, 68, 67, 62, 66, 67, 72, 79, 86, 81, 73, 68, 67, 62, 66, 67, 72, 80, 73, 68, 67, 62, 66, 67, 72, 79, 85, 91, 95, 100, 102, 103, 111, 102, 110, 106, 109, 112, 115, 118, 122, 129, 135, 140, 147, 153, 159, 151, 142, 150, 147, 142, 130, 141, 136, 140, 137, 129, 136, 134, 129, 133, 126, 124, 120, 123, 120, 122, 125, 132, 135, 139, 146, 149, 158, 163, 169, 179, 188, 196, 209, 201, 208, 199, 188, 179, 168, 163, 161, 154, 160, 156, 146, 155, 151, 139, 150, 145, 133, 144, 135, 143, 140, 133, 139, 131, 138, 133, 128, 132, 125, 123, 119, 122, 119, 116, 115, 109, 114, 108, 103, 102, 98, 92, 88, 84, 77, 72, 67, 71, 76, 83, 87, 91, 97, 92, 87, 82, 74, 69, 68, 63, 67, 68, 73, 81, 74, 69, 68, 63, 67, 68, 73, 80, 86, 91, 96, 101, 102, 107, 113, 105, 101, 100, 96, 90, 86, 89, 95, 90, 86, 80, 73, 68, 67, 61, 66, 64, 61, 58, 53, 52, 51, 50, 44, 42, 37, 35, 32, 28, 31, 34, 36, 41, 43, 49, 44, 42, 37, 35, 32, 28, 25, 23, 21, 20, 19, 18, 16, 12, 10, 8, 6, 5, 4, 3, 2, 1]","[146, 177, 189, 232, 273, 376, 398, 418, 436, 469, 484, 525, 537, 571, 588, 664, 719, 766, 793, 824, 851, 912, 931, 954, 963, 115, 121, 133, 152, 168, 194, 216, 228, 244, 259, 267, 285, 291, 317, 329, 334, 345, 353, 361, 382, 423, 441, 455, 472, 497, 514, 543, 556, 562, 599, 611, 622, 639, 648, 657, 675, 683, 696, 727, 735, 742, 758, 774, 781, 813, 838, 847, 865, 879, 886, 892, 926, 949, 978, 987, 995]",1255,73,6.0659349
9x9,0,23,"[238, 225, 222, 209, 204, 196, 203, 197, 189, 182, 170, 181, 175, 167, 174, 180, 177, 169, 176, 179, 188, 196, 189, 182, 170, 181, 175, 167, 174, 180, 177, 169, 176, 179, 188, 195, 202, 208, 203, 195, 202, 197, 189, 182, 170, 181, 175, 167, 174, 180, 177, 169, 176, 179, 188, 196, 189, 182, 170, 181, 175, 167, 174, 180, 177, 169, 176, 179, 188, 195, 201, 207, 221, 212, 201, 211, 206, 196, 205, 199, 194, 187, 179, 171, 166, 170, 178, 186, 174, 185, 179, 171, 165, 170, 166, 159, 165, 169, 178, 184, 181, 173, 167, 172, 168, 161, 167, 171, 180, 183, 193, 198, 204, 210, 205, 195, 204, 199, 194, 187, 179, 171, 166, 170, 178, 186, 174, 185, 179, 171, 165, 170, 166, 159, 165, 169, 178, 184, 181, 173, 167, 172, 168, 161, 167, 171, 180, 183, 193, 198, 203, 209, 220, 210, 200, 209, 204, 194, 203, 196, 191, 184, 177, 169, 164, 168, 164, 158, 163, 167, 176, 183, 172, 182, 179, 171, 165, 159, 164, 170, 166, 169, 178, 181, 190, 195, 202, 208, 219, 207, 196, 206, 201, 190, 200, 192, 199, 193, 188, 181, 173, 165, 172, 180, 168, 179, 173, 165, 172, 178, 175, 167, 174, 177, 187, 192, 198, 205, 200, 189, 199, 191, 198, 193, 188, 181, 173, 165, 172, 180, 168, 179, 173, 165, 172, 178, 175, 167, 174, 177, 187, 192, 197, 204, 218, 210, 200, 209, 205, 195, 204, 197, 192, 185, 178, 170, 165, 169, 165, 159, 164, 168, 177, 184, 173, 183, 178, 170, 164, 158, 163, 169, 165, 168, 177, 182, 191, 196, 203, 208, 217, 224, 237, 225, 221, 209, 204, 196, 203, 197, 189, 182, 170, 181, 175, 167, 174, 180, 177, 169, 176, 179, 188, 196, 189, 182, 170, 181, 175, 167, 174, 180, 177, 169, 176, 179, 188, 195, 202, 208, 203, 195, 202, 197, 189, 182, 170, 181, 175, 167, 174, 180, 177, 169, 176, 179, 188, 196, 189, 182, 170, 181, 175, 167, 174, 180, 177, 169, 176, 179, 188, 195, 201, 207, 220, 211, 206, 200, 193, 189, 177, 188, 182, 174, 170, 163, 159, 154, 150, 143, 136, 142, 139, 135, 129, 120, 113, 105, 98, 90, 97, 92, 87, 81, 86, 91, 96, 90, 95, 104, 112, 107, 99, 106, 111, 119, 112, 108, 102, 97, 89, 83, 88, 96, 101, 95, 100, 107, 102, 95, 87, 81, 86, 94, 101, 95, 100, 106, 98, 90, 97, 92, 87, 81, 86, 91, 96, 90, 95, 105, 111, 118, 110, 117, 128, 118, 127, 122, 116, 108, 103, 107, 103, 96, 102, 96, 101, 106, 115, 110, 104, 100, 92, 90, 83, 89, 81, 88, 79, 87, 85, 81, 84, 86, 91, 99, 103, 109, 104, 98, 90, 88, 81, 87, 79, 86, 77, 85, 83, 79, 82, 84, 89, 97, 103, 108, 100, 107, 114, 121, 113, 120, 126, 117, 110, 102, 109, 104, 97, 103, 108, 116, 109, 105, 100, 94, 99, 104, 96, 103, 108, 115, 107, 114, 125, 134, 138, 141, 149, 153, 149, 144, 137, 143, 140, 136, 130, 119, 129, 123, 117, 109, 104, 108, 104, 97, 103, 97, 102, 107, 116, 111, 105, 101, 93, 91, 84, 90, 82, 89, 80, 88, 86, 85, 79, 75, 72, 71, 66, 62, 60, 56, 52, 49, 44, 37, 34, 36, 43, 38, 33, 28, 27, 25, 22, 20, 16, 19, 16, 15, 13, 14, 15, 18, 21, 24, 26, 27, 32, 28, 31, 37, 34, 36, 42, 37, 32, 28, 31, 36, 33, 35, 41, 48, 44, 37, 34, 29, 28, 25, 22, 20, 16, 19, 16, 13, 15, 18, 21, 24, 27, 28, 33, 29, 32, 36, 43, 38, 32, 37, 34, 29, 33, 29, 32, 36, 42, 37, 31, 36, 33, 29, 32, 35, 41, 47, 42, 46, 51, 55, 59, 61, 65, 70, 71, 74, 78, 84, 77, 83, 85, 87, 92, 100, 104, 110, 105, 99, 91, 89, 82, 88, 80, 87, 78, 86, 84, 83, 77, 82, 75, 81, 83, 85, 90, 98, 104, 109, 101, 108, 115, 122, 114, 121, 128, 118, 111, 103, 110, 105, 98, 104, 109, 117, 110, 106, 101, 95, 100, 105, 97, 104, 109, 116, 108, 115, 127, 116, 109, 104, 97, 103, 108, 115, 108, 105, 100, 104, 100, 93, 99, 93, 98, 103, 107, 114, 106, 113, 126, 135, 139, 142, 148, 152, 158, 162, 169, 173, 181, 187, 184, 176, 172, 165, 161, 156, 152, 145, 138, 144, 141, 137, 131, 121, 114, 106, 99, 91, 98, 93, 88, 82, 87, 92, 97, 91, 86, 90, 96, 105, 113, 108, 100, 107, 112, 120, 113, 109, 103, 98, 90, 84, 89, 97, 102, 96, 88, 95, 101, 108, 103, 96, 88, 82, 87, 95, 102, 96, 90, 95, 101, 107, 99, 91, 98, 93, 88, 82, 87, 92, 97, 91, 86, 90, 96, 106, 112, 119, 111, 118, 130, 119, 129, 123, 117, 109, 104, 108, 104, 97, 103, 97, 92, 96, 102, 107, 116, 111, 105, 101, 93, 91, 85, 81, 84, 90, 83, 79, 82, 89, 81, 88, 92, 100, 104, 110, 105, 99, 91, 89, 83, 79, 82, 88, 81, 87, 79, 86, 90, 98, 104, 109, 101, 108, 115, 122, 114, 121, 128, 118, 111, 103, 110, 105, 98, 104, 109, 117, 110, 106, 101, 95, 87, 94, 100, 105, 97, 104, 109, 116, 108, 115, 127, 120, 114, 107, 100, 93, 99, 95, 90, 88, 82, 78, 76, 71, 75, 77, 81, 87, 80, 86, 78, 85, 89, 94, 98, 106, 113, 119, 113, 110, 104, 100, 92, 90, 84, 80, 83, 89, 82, 78, 81, 88, 80, 87, 91, 99, 103, 109, 104, 98, 90, 88, 82, 78, 81, 87, 80, 86, 78, 85, 89, 97, 103, 108, 100, 93, 99, 95, 90, 88, 82, 78, 76, 71, 75, 77, 81, 87, 80, 86, 78, 85, 89, 94, 98, 107, 112, 118, 126, 136, 140, 143, 151, 155, 151, 146, 139, 145, 142, 138, 132, 120, 131, 124, 118, 110, 105, 109, 105, 98, 104, 98, 93, 97, 103, 108, 117, 112, 106, 102, 94, 92, 86, 91, 84, 83, 75, 82, 79, 75, 72, 71, 66, 62, 60, 56, 52, 49, 44, 37, 34, 36, 43, 38, 33, 28, 27, 25, 22, 18, 14, 17, 16, 15, 13, 14, 15, 16, 21, 18, 14, 17, 16, 15, 13, 10, 9, 7, 6, 5, 4, 3, 2, 1]","[145, 193, 248, 252, 291, 313, 361, 377, 389, 411, 427, 573, 616, 647, 651, 662, 684, 724, 756, 829, 926, 955, 972, 114, 121, 136, 157, 169, 178, 182, 219, 225, 237, 263, 274, 286, 328, 332, 346, 354, 395, 434, 443, 459, 465, 476, 488, 492, 515, 522, 539, 544, 558, 566, 581, 597, 623, 638, 675, 699, 712, 733, 741, 767, 779, 785, 798, 818, 835, 842, 853, 864, 871, 887, 896, 917, 931, 949, 968, 983, 994]",501,71,3.9108626999999996
9x9,0,25,"[215, 202, 214, 202, 191, 181, 190, 201, 193, 184, 178, 168, 160, 167, 177, 169, 176, 169, 162, 156, 149, 146, 141, 145, 138, 135, 137, 144, 148, 155, 161, 158, 160, 168, 160, 167, 175, 183, 173, 182, 173, 168, 161, 155, 148, 145, 140, 144, 137, 134, 136, 143, 147, 154, 160, 157, 159, 167, 159, 166, 172, 181, 173, 167, 161, 155, 149, 146, 141, 145, 138, 135, 137, 144, 148, 154, 160, 157, 159, 166, 172, 180, 192, 200, 191, 182, 190, 199, 187, 178, 186, 198, 213, 206, 195, 185, 178, 169, 161, 168, 177, 169, 176, 169, 163, 157, 150, 147, 140, 137, 129, 136, 132, 124, 131, 127, 122, 118, 113, 110, 112, 117, 114, 111, 108, 105, 107, 110, 113, 116, 121, 126, 130, 135, 139, 146, 149, 156, 162, 159, 161, 168, 175, 184, 174, 169, 161, 168, 173, 183, 173, 182, 173, 168, 162, 156, 149, 146, 139, 136, 128, 135, 131, 123, 130, 126, 121, 117, 112, 109, 111, 116, 113, 110, 107, 104, 106, 109, 112, 115, 120, 125, 129, 134, 138, 145, 148, 155, 161, 158, 160, 167, 172, 181, 173, 167, 162, 156, 150, 147, 140, 136, 128, 135, 131, 123, 130, 126, 121, 117, 112, 116, 114, 111, 107, 104, 106, 110, 113, 115, 120, 125, 129, 134, 139, 146, 149, 155, 161, 158, 160, 166, 172, 180, 194, 205, 193, 184, 178, 168, 160, 167, 177, 169, 176, 169, 162, 156, 149, 146, 141, 145, 138, 135, 137, 144, 148, 155, 161, 158, 160, 168, 160, 167, 175, 183, 173, 182, 173, 168, 161, 155, 148, 145, 140, 144, 137, 134, 136, 143, 147, 154, 160, 157, 159, 167, 159, 166, 172, 181, 173, 167, 161, 155, 149, 146, 141, 145, 138, 135, 137, 144, 148, 154, 160, 157, 159, 166, 172, 180, 192, 204, 195, 186, 180, 170, 164, 158, 151, 148, 143, 147, 140, 138, 129, 125, 128, 137, 132, 124, 120, 116, 113, 110, 112, 115, 119, 123, 131, 127, 122, 118, 113, 110, 112, 117, 114, 111, 108, 105, 107, 110, 113, 116, 121, 126, 130, 136, 131, 123, 130, 127, 129, 135, 139, 146, 150, 157, 163, 160, 162, 169, 179, 171, 164, 158, 151, 148, 143, 147, 140, 138, 129, 125, 121, 117, 114, 111, 113, 116, 120, 124, 128, 137, 132, 124, 120, 116, 113, 110, 112, 115, 119, 123, 131, 127, 122, 118, 113, 110, 112, 117, 114, 111, 108, 105, 96, 104, 102, 93, 92, 90, 89, 83, 76, 68, 63, 67, 75, 69, 68, 64, 58, 54, 50, 47, 46, 44, 40, 37, 32, 29, 25, 28, 31, 36, 30, 35, 31, 28, 30, 34, 39, 43, 45, 46, 49, 53, 57, 54, 49, 46, 45, 43, 39, 36, 31, 28, 24, 27, 30, 35, 30, 34, 31, 28, 24, 27, 30, 33, 38, 42, 44, 45, 48, 53, 56, 63, 67, 68, 74, 82, 76, 69, 64, 68, 75, 69, 68, 63, 67, 65, 61, 57, 53, 50, 48, 46, 41, 37, 32, 29, 25, 28, 31, 36, 30, 35, 31, 34, 40, 45, 41, 37, 32, 29, 25, 28, 31, 36, 30, 35, 31, 28, 30, 34, 40, 44, 47, 49, 52, 56, 60, 57, 53, 50, 48, 46, 41, 37, 30, 36, 31, 35, 32, 29, 25, 28, 31, 34, 40, 45, 41, 37, 30, 36, 31, 28, 24, 22, 20, 18, 17, 13, 16, 15, 13, 10, 9, 7, 6, 5, 4, 3, 2, 1]","[232, 263, 276, 295, 327, 333, 356, 372, 421, 453, 485, 546, 567, 579, 584, 644, 678, 711, 768, 775, 918, 934, 959, 962, 987, 116, 128, 131, 142, 155, 164, 173, 189, 197, 219, 224, 247, 258, 281, 315, 349, 361, 388, 394, 414, 436, 448, 469, 477, 492, 513, 525, 538, 552, 591, 617, 622, 639, 651, 665, 686, 693, 726, 737, 743, 754, 782, 799, 812, 829, 835, 841, 857, 866, 874, 883, 898, 923, 945, 971, 996]",248,73,2.6015675
9x9,0,24,"[233, 222, 214, 201, 193, 182, 192, 188, 191, 200, 213, 205, 194, 183, 193, 189, 192, 204, 212, 197, 211, 204, 193, 203, 210, 221, 207, 220, 232, 222, 212, 200, 192, 181, 191, 187, 190, 199, 211, 203, 192, 181, 191, 187, 190, 202, 210, 195, 209, 202, 191, 201, 208, 221, 213, 198, 190, 179, 189, 185, 188, 197, 212, 204, 192, 181, 191, 187, 190, 203, 189, 202, 196, 191, 183, 167, 159, 153, 158, 155, 147, 140, 137, 135, 133, 128, 132, 131, 128, 121, 116, 114, 111, 105, 99, 91, 85, 79, 78, 75, 70, 66, 61, 56, 50, 46, 42, 41, 40, 37, 39, 40, 41, 45, 49, 55, 49, 45, 42, 41, 40, 37, 39, 40, 41, 44, 48, 54, 60, 65, 60, 56, 50, 46, 42, 41, 40, 37, 39, 40, 41, 45, 49, 55, 49, 45, 42, 41, 40, 37, 39, 40, 41, 44, 48, 54, 59, 64, 69, 62, 68, 74, 77, 78, 84, 90, 98, 104, 96, 103, 110, 102, 94, 101, 109, 104, 108, 113, 115, 120, 127, 120, 116, 114, 111, 105, 99, 92, 86, 80, 79, 76, 71, 65, 70, 67, 61, 56, 60, 66, 59, 54, 58, 65, 69, 75, 78, 79, 85, 91, 98, 104, 97, 103, 110, 102, 95, 101, 109, 104, 108, 113, 115, 119, 126, 130, 131, 134, 136, 139, 146, 154, 145, 139, 136, 134, 132, 127, 131, 130, 127, 120, 115, 113, 110, 105, 99, 91, 84, 90, 84, 78, 77, 74, 69, 62, 68, 73, 76, 77, 83, 89, 98, 104, 96, 103, 109, 101, 93, 100, 108, 103, 107, 112, 114, 119, 126, 119, 115, 113, 110, 105, 99, 92, 85, 91, 85, 79, 78, 75, 70, 65, 69, 74, 77, 78, 84, 90, 98, 104, 97, 103, 109, 101, 94, 100, 108, 103, 107, 112, 114, 118, 125, 129, 130, 133, 135, 138, 144, 153, 157, 166, 159, 152, 158, 155, 144, 137, 129, 136, 133, 135, 143, 136, 129, 135, 142, 154, 146, 138, 130, 137, 134, 136, 145, 138, 131, 137, 144, 153, 144, 136, 129, 135, 143, 137, 130, 136, 142, 152, 157, 165, 182, 172, 164, 153, 163, 160, 151, 143, 139, 142, 150, 142, 134, 141, 138, 140, 149, 159, 149, 142, 138, 141, 148, 140, 133, 139, 147, 158, 148, 141, 133, 140, 137, 139, 147, 140, 133, 139, 146, 157, 162, 171, 161, 154, 160, 157, 146, 139, 131, 138, 135, 137, 145, 138, 131, 137, 144, 156, 148, 140, 132, 139, 136, 138, 147, 140, 133, 139, 146, 155, 146, 138, 131, 137, 145, 139, 132, 138, 144, 154, 159, 170, 181, 177, 168, 156, 167, 161, 166, 163, 154, 146, 142, 145, 153, 145, 137, 144, 141, 139, 137, 129, 126, 119, 116, 110, 115, 114, 111, 105, 99, 91, 85, 79, 78, 75, 70, 66, 61, 56, 50, 46, 42, 41, 40, 37, 39, 40, 41, 45, 49, 55, 49, 45, 42, 41, 40, 37, 39, 40, 41, 44, 48, 54, 60, 65, 60, 56, 50, 46, 42, 41, 40, 37, 39, 40, 41, 45, 49, 55, 49, 45, 42, 41, 40, 37, 39, 40, 41, 44, 48, 54, 59, 64, 69, 62, 68, 74, 77, 78, 84, 90, 98, 104, 96, 103, 110, 102, 94, 101, 109, 104, 108, 113, 114, 118, 125, 120, 116, 110, 115, 114, 111, 106, 100, 92, 86, 80, 79, 76, 71, 65, 61, 56, 50, 46, 42, 41, 40, 37, 39, 40, 41, 45, 49, 55, 49, 45, 42, 41, 40, 37, 39, 40, 41, 44, 48, 54, 60, 64, 59, 56, 50, 46, 42, 41, 40, 37, 39, 40, 41, 45, 49, 55, 49, 45, 42, 41, 40, 37, 39, 40, 41, 44, 48, 54, 58, 63, 70, 63, 59, 54, 58, 62, 57, 52, 56, 61, 69, 75, 78, 79, 85, 91, 99, 105, 97, 104, 110, 102, 94, 101, 109, 104, 108, 113, 114, 119, 124, 128, 136, 132, 128, 121, 118, 112, 117, 116, 113, 106, 101, 92, 86, 80, 79, 75, 78, 79, 85, 91, 100, 105, 112, 103, 111, 100, 110, 105, 100, 91, 99, 104, 109, 115, 116, 120, 127, 122, 118, 112, 117, 116, 113, 107, 102, 93, 87, 81, 80, 76, 79, 80, 86, 92, 101, 106, 112, 103, 111, 100, 110, 105, 100, 91, 99, 104, 109, 115, 116, 121, 126, 131, 135, 138, 140, 143, 152, 162, 152, 145, 141, 144, 151, 143, 136, 142, 150, 161, 151, 144, 136, 143, 140, 138, 136, 128, 125, 118, 115, 109, 114, 113, 110, 104, 98, 91, 84, 90, 84, 89, 97, 103, 96, 102, 109, 101, 94, 100, 108, 103, 107, 112, 113, 117, 124, 119, 115, 109, 114, 113, 110, 105, 99, 92, 85, 91, 85, 79, 78, 75, 70, 65, 69, 74, 77, 78, 84, 90, 98, 104, 97, 103, 109, 101, 94, 100, 108, 103, 107, 112, 113, 118, 123, 127, 135, 131, 127, 120, 117, 111, 116, 115, 112, 105, 100, 92, 85, 91, 85, 90, 99, 104, 111, 102, 110, 100, 109, 104, 99, 91, 98, 103, 108, 114, 115, 119, 126, 121, 117, 111, 116, 115, 112, 106, 101, 93, 86, 92, 86, 80, 79, 75, 78, 79, 85, 91, 100, 105, 111, 102, 110, 100, 109, 104, 99, 91, 98, 103, 108, 114, 115, 120, 125, 130, 134, 137, 139, 142, 150, 143, 136, 142, 149, 160, 165, 176, 165, 157, 164, 158, 163, 160, 149, 142, 134, 141, 138, 136, 134, 130, 128, 122, 117, 111, 116, 115, 112, 106, 101, 92, 85, 91, 85, 79, 78, 74, 77, 78, 84, 90, 100, 105, 111, 102, 110, 99, 109, 104, 99, 90, 98, 103, 108, 114, 115, 121, 127, 120, 117, 111, 116, 115, 112, 105, 100, 92, 85, 91, 85, 90, 99, 104, 111, 102, 110, 100, 109, 104, 99, 91, 98, 103, 108, 114, 115, 119, 126, 129, 133, 135, 137, 140, 148, 141, 134, 140, 147, 159, 151, 143, 135, 142, 139, 137, 135, 131, 129, 123, 118, 112, 117, 116, 113, 107, 102, 93, 87, 81, 80, 76, 79, 80, 86, 92, 101, 106, 112, 103, 111, 100, 110, 105, 100, 91, 99, 104, 109, 115, 116, 122, 128, 121, 118, 112, 117, 116, 113, 106, 101, 93, 87, 81, 80, 76, 79, 80, 86, 92, 100, 105, 112, 103, 111, 101, 110, 105, 100, 92, 99, 104, 109, 115, 116, 120, 127, 130, 134, 136, 138, 141, 150, 143, 136, 142, 149, 158, 149, 141, 134, 140, 148, 142, 135, 141, 147, 157, 162, 175, 168, 160, 167, 156, 166, 163, 151, 143, 134, 142, 138, 141, 150, 142, 134, 141, 149, 141, 133, 140, 148, 162, 153, 144, 135, 143, 139, 142, 152, 144, 136, 143, 151, 143, 135, 142, 150, 161, 151, 142, 134, 141, 150, 143, 135, 142, 149, 141, 133, 140, 148, 160, 150, 141, 133, 140, 149, 142, 134, 141, 148, 141, 133, 140, 147, 159, 165, 174, 180, 175, 166, 155, 147, 140, 137, 135, 133, 128, 132, 131, 128, 121, 116, 114, 111, 105, 99, 95, 87, 81, 80, 72, 79, 77, 71, 67, 70, 64, 69, 76, 71, 75, 78, 80, 86, 94, 98, 104, 96, 103, 110, 102, 94, 101, 109, 99, 108, 113, 115, 120, 127, 120, 116, 114, 111, 105, 99, 95, 98, 104, 97, 103, 110, 102, 95, 101, 109, 100, 108, 113, 115, 119, 126, 130, 131, 134, 136, 139, 146, 154, 145, 139, 136, 134, 132, 127, 131, 130, 127, 120, 115, 113, 110, 105, 99, 95, 88, 80, 79, 71, 78, 76, 70, 64, 69, 75, 70, 74, 77, 79, 87, 94, 86, 80, 79, 71, 78, 76, 70, 64, 69, 75, 70, 74, 77, 79, 85, 93, 98, 104, 96, 103, 109, 101, 93, 100, 108, 98, 107, 112, 114, 119, 126, 119, 115, 113, 110, 105, 99, 95, 89, 82, 81, 73, 80, 78, 72, 66, 71, 65, 61, 56, 60, 64, 59, 54, 58, 63, 70, 77, 72, 76, 79, 81, 88, 94, 98, 104, 97, 103, 109, 101, 94, 100, 108, 99, 107, 112, 114, 118, 125, 129, 130, 133, 135, 138, 144, 153, 165, 160, 164, 174, 163, 156, 148, 141, 138, 136, 134, 129, 133, 132, 129, 122, 128, 121, 117, 115, 112, 106, 101, 92, 100, 96, 99, 105, 111, 103, 110, 101, 109, 114, 116, 120, 127, 131, 132, 135, 137, 140, 147, 155, 146, 140, 137, 135, 133, 128, 132, 131, 128, 121, 127, 120, 116, 114, 111, 106, 101, 92, 100, 96, 90, 83, 82, 74, 81, 79, 75, 69, 65, 61, 54, 60, 54, 51, 48, 44, 42, 43, 47, 50, 53, 59, 53, 50, 47, 43, 41, 38, 40, 42, 46, 49, 52, 58, 64, 68, 63, 61, 54, 60, 54, 51, 48, 44, 42, 43, 47, 50, 53, 59, 53, 50, 47, 43, 41, 38, 40, 42, 46, 49, 52, 58, 62, 67, 74, 78, 80, 82, 89, 95, 99, 105, 110, 102, 109, 100, 108, 113, 115, 119, 126, 130, 131, 134, 136, 139, 145, 154, 162, 157, 161, 173, 166, 159, 150, 142, 138, 141, 149, 141, 133, 140, 137, 139, 148, 158, 148, 141, 137, 140, 147, 139, 132, 138, 146, 157, 147, 140, 132, 139, 136, 138, 146, 139, 132, 138, 145, 156, 165, 155, 144, 137, 129, 136, 133, 135, 143, 136, 129, 135, 142, 154, 146, 138, 130, 137, 134, 136, 145, 138, 131, 137, 144, 153, 144, 136, 129, 135, 143, 137, 130, 136, 142, 152, 164, 172, 179, 190, 195, 201, 211, 196, 210, 203, 191, 202, 195, 190, 182, 166, 158, 152, 157, 154, 146, 139, 136, 134, 132, 127, 131, 130, 127, 120, 115, 113, 110, 104, 98, 90, 84, 78, 77, 74, 69, 64, 59, 63, 59, 55, 49, 45, 41, 40, 39, 36, 34, 29, 26, 22, 25, 24, 20, 19, 17, 16, 14, 15, 16, 18, 19, 23, 20, 22, 24, 28, 33, 29, 26, 25, 20, 19, 17, 16, 14, 12, 13, 15, 16, 18, 19, 24, 19, 23, 20, 22, 25, 28, 32, 35, 38, 39, 40, 44, 48, 54, 48, 44, 41, 40, 39, 36, 34, 29, 26, 28, 33, 29, 26, 28, 32, 35, 38, 39, 40, 43, 47, 53, 58, 62, 68, 63, 59, 56, 50, 46, 42, 41, 40, 37, 35, 30, 27, 26, 21, 25, 22, 24, 26, 29, 34, 30, 27, 26, 21, 25, 22, 24, 26, 29, 33, 36, 39, 40, 41, 45, 49, 55, 49, 45, 42, 41, 40, 37, 35, 30, 27, 29, 34, 30, 27, 29, 33, 36, 39, 40, 41, 44, 48, 54, 58, 62, 67, 60, 66, 73, 76, 77, 83, 89, 97, 103, 95, 102, 109, 101, 93, 100, 108, 103, 107, 112, 114, 119, 126, 119, 115, 113, 110, 104, 98, 91, 85, 79, 78, 75, 70, 63, 69, 65, 60, 55, 59, 64, 68, 64, 57, 52, 56, 63, 67, 74, 77, 78, 84, 90, 97, 103, 96, 102, 109, 101, 94, 100, 108, 103, 107, 112, 114, 118, 125, 129, 130, 133, 135, 138, 145, 153, 144, 138, 135, 133, 131, 126, 130, 129, 126, 119, 114, 112, 109, 104, 98, 90, 83, 89, 83, 77, 76, 73, 68, 63, 58, 55, 49, 45, 41, 40, 39, 36, 34, 29, 26, 25, 20, 24, 21, 23, 25, 28, 33, 29, 26, 22, 25, 24, 21, 23, 24, 28, 32, 35, 38, 39, 40, 44, 48, 54, 48, 44, 41, 40, 39, 36, 34, 29, 26, 28, 33, 29, 26, 28, 32, 35, 38, 39, 40, 43, 47, 53, 57, 62, 59, 55, 49, 45, 41, 40, 39, 36, 34, 29, 26, 25, 20, 19, 17, 16, 14, 12, 13, 15, 16, 18, 19, 24, 19, 23, 20, 22, 25, 28, 33, 29, 26, 22, 25, 24, 20, 19, 17, 16, 14, 15, 16, 18, 19, 23, 20, 22, 24, 28, 32, 35, 38, 39, 40, 44, 48, 54, 48, 44, 41, 40, 39, 36, 34, 29, 26, 28, 33, 29, 26, 28, 32, 35, 38, 39, 40, 43, 47, 53, 58, 61, 67, 60, 66, 72, 75, 76, 82, 88, 97, 103, 95, 102, 108, 100, 92, 99, 107, 102, 106, 111, 113, 118, 125, 118, 114, 112, 109, 104, 98, 91, 84, 90, 84, 78, 77, 74, 69, 63, 68, 64, 60, 55, 59, 63, 56, 51, 55, 62, 67, 73, 76, 77, 83, 89, 97, 103, 96, 102, 108, 100, 93, 99, 107, 102, 106, 111, 113, 117, 124, 128, 129, 132, 134, 137, 143, 152, 156, 165, 158, 151, 157, 154, 143, 136, 128, 135, 132, 134, 142, 135, 128, 134, 141, 153, 145, 137, 129, 136, 133, 135, 144, 137, 130, 136, 143, 152, 143, 135, 128, 134, 142, 136, 129, 135, 141, 151, 156, 164, 181, 171, 163, 152, 162, 159, 150, 142, 138, 141, 149, 141, 133, 140, 137, 139, 148, 158, 148, 141, 137, 140, 147, 139, 132, 138, 146, 157, 147, 140, 132, 139, 136, 138, 146, 139, 132, 138, 145, 156, 161, 170, 160, 153, 159, 156, 145, 138, 130, 137, 134, 136, 144, 137, 130, 136, 143, 155, 147, 139, 131, 138, 135, 137, 146, 139, 132, 138, 145, 154, 145, 137, 130, 136, 144, 138, 131, 137, 143, 153, 158, 169, 180, 176, 167, 155, 166, 160, 165, 162, 153, 145, 141, 144, 152, 144, 136, 143, 140, 138, 136, 128, 125, 118, 115, 109, 114, 113, 110, 104, 98, 90, 84, 78, 77, 74, 69, 64, 59, 63, 59, 55, 49, 45, 41, 40, 39, 36, 34, 29, 26, 22, 25, 24, 20, 19, 17, 16, 14, 15, 16, 18, 19, 23, 20, 22, 24, 28, 33, 29, 26, 25, 20, 19, 17, 16, 14, 12, 13, 15, 16, 18, 19, 24, 19, 23, 20, 22, 25, 28, 32, 35, 38, 39, 40, 44, 48, 54, 48, 44, 41, 40, 39, 36, 34, 29, 26, 28, 33, 29, 26, 28, 32, 35, 38, 39, 40, 43, 47, 53, 58, 62, 68, 63, 59, 56, 50, 46, 42, 41, 40, 37, 35, 30, 27, 26, 21, 25, 22, 24, 26, 29, 34, 30, 27, 26, 21, 25, 22, 24, 26, 29, 33, 36, 39, 40, 41, 45, 49, 55, 49, 45, 42, 41, 40, 37, 35, 30, 27, 29, 34, 30, 27, 29, 33, 36, 39, 40, 41, 44, 48, 54, 58, 62, 67, 60, 66, 73, 76, 77, 83, 89, 97, 103, 95, 102, 109, 101, 93, 100, 108, 103, 107, 112, 113, 117, 124, 119, 115, 109, 114, 113, 110, 105, 99, 91, 85, 79, 78, 75, 70, 63, 59, 62, 58, 55, 49, 45, 41, 40, 39, 36, 34, 29, 26, 22, 25, 24, 21, 23, 24, 28, 33, 29, 26, 25, 20, 24, 21, 23, 25, 28, 32, 35, 38, 39, 40, 44, 48, 54, 48, 44, 41, 40, 39, 36, 34, 29, 26, 28, 33, 29, 26, 28, 32, 35, 38, 39, 40, 43, 47, 53, 57, 61, 69, 64, 61, 56, 50, 46, 42, 41, 40, 37, 35, 30, 27, 23, 26, 25, 20, 24, 21, 23, 25, 29, 34, 30, 27, 23, 26, 25, 20, 24, 21, 23, 25, 29, 33, 36, 39, 40, 41, 45, 49, 55, 49, 45, 42, 41, 40, 37, 35, 30, 27, 29, 34, 30, 27, 29, 33, 36, 39, 40, 41, 44, 48, 54, 60, 63, 68, 61, 57, 60, 56, 51, 55, 59, 67, 74, 77, 78, 84, 90, 98, 104, 96, 103, 109, 101, 93, 100, 108, 103, 107, 112, 113, 118, 123, 127, 135, 131, 127, 120, 117, 111, 116, 115, 112, 105, 100, 91, 85, 79, 78, 74, 77, 78, 84, 90, 99, 104, 111, 102, 110, 99, 109, 104, 99, 90, 98, 103, 108, 114, 115, 119, 126, 121, 117, 111, 116, 115, 112, 106, 101, 92, 86, 80, 79, 75, 78, 79, 85, 91, 100, 105, 111, 102, 110, 99, 109, 104, 99, 90, 98, 103, 108, 114, 115, 120, 125, 130, 134, 137, 139, 142, 151, 161, 151, 144, 140, 143, 150, 142, 135, 141, 149, 160, 150, 143, 135, 142, 139, 137, 135, 127, 124, 117, 114, 108, 113, 112, 109, 103, 97, 90, 83, 89, 83, 88, 96, 102, 95, 101, 108, 100, 93, 99, 107, 102, 106, 111, 112, 116, 123, 118, 114, 108, 113, 112, 109, 104, 98, 91, 84, 90, 84, 78, 77, 74, 69, 63, 68, 64, 60, 55, 59, 63, 56, 51, 55, 62, 67, 73, 76, 77, 83, 89, 97, 103, 96, 102, 108, 100, 93, 99, 107, 102, 106, 111, 112, 117, 122, 126, 134, 130, 126, 119, 116, 110, 115, 114, 111, 104, 99, 91, 84, 90, 84, 89, 98, 103, 110, 101, 109, 99, 108, 103, 98, 90, 97, 102, 107, 113, 114, 118, 125, 120, 116, 110, 115, 114, 111, 105, 100, 92, 85, 91, 85, 79, 78, 74, 77, 78, 84, 90, 99, 104, 110, 101, 109, 99, 108, 103, 98, 90, 97, 102, 107, 113, 114, 119, 124, 129, 133, 136, 138, 141, 149, 142, 135, 141, 148, 159, 164, 175, 164, 156, 163, 157, 162, 159, 148, 141, 133, 140, 137, 135, 133, 129, 127, 121, 116, 110, 115, 114, 111, 105, 100, 91, 84, 90, 84, 78, 77, 73, 76, 77, 83, 89, 99, 104, 110, 101, 109, 98, 108, 103, 98, 89, 97, 102, 107, 113, 114, 120, 126, 119, 116, 110, 115, 114, 111, 104, 99, 91, 84, 90, 84, 89, 98, 103, 110, 101, 109, 99, 108, 103, 98, 90, 97, 102, 107, 113, 114, 118, 125, 128, 132, 134, 136, 139, 147, 140, 133, 139, 146, 158, 150, 142, 134, 141, 138, 136, 134, 130, 128, 122, 117, 111, 116, 115, 112, 106, 101, 92, 86, 80, 79, 75, 78, 79, 85, 91, 100, 105, 111, 102, 110, 99, 109, 104, 99, 90, 98, 103, 108, 114, 115, 121, 127, 120, 117, 111, 116, 115, 112, 105, 100, 92, 86, 80, 79, 75, 78, 79, 85, 91, 99, 104, 111, 102, 110, 100, 109, 104, 99, 91, 98, 103, 108, 114, 115, 119, 126, 129, 133, 135, 137, 140, 149, 142, 135, 141, 148, 157, 148, 140, 133, 139, 147, 141, 134, 140, 146, 156, 161, 174, 167, 159, 166, 155, 165, 162, 150, 142, 133, 141, 137, 140, 149, 141, 133, 140, 148, 140, 132, 139, 147, 161, 152, 143, 134, 142, 138, 141, 151, 143, 135, 142, 150, 142, 134, 141, 149, 160, 150, 141, 133, 140, 149, 142, 134, 141, 148, 140, 132, 139, 147, 159, 149, 140, 132, 139, 148, 141, 133, 140, 147, 140, 132, 139, 146, 158, 164, 173, 179, 174, 165, 154, 146, 139, 136, 134, 132, 127, 131, 130, 127, 120, 115, 113, 110, 104, 98, 94, 86, 80, 79, 71, 78, 76, 70, 65, 59, 64, 59, 56, 50, 46, 42, 39, 38, 36, 34, 29, 26, 22, 25, 24, 20, 19, 17, 16, 14, 15, 16, 18, 19, 23, 20, 22, 24, 28, 33, 29, 26, 25, 20, 19, 17, 16, 14, 12, 13, 15, 16, 18, 19, 24, 19, 23, 20, 22, 25, 28, 32, 35, 37, 38, 41, 45, 49, 55, 49, 45, 42, 39, 38, 36, 34, 29, 26, 28, 33, 29, 26, 28, 32, 35, 37, 38, 41, 44, 48, 54, 58, 63, 69, 64, 59, 57, 51, 47, 43, 40, 39, 37, 35, 30, 27, 26, 21, 25, 22, 24, 26, 29, 34, 30, 27, 26, 21, 25, 22, 24, 26, 29, 33, 36, 38, 39, 42, 46, 50, 56, 50, 46, 43, 40, 39, 37, 35, 30, 27, 29, 34, 30, 27, 29, 33, 36, 38, 39, 42, 45, 49, 55, 58, 63, 57, 62, 68, 62, 67, 75, 70, 74, 77, 79, 85, 93, 97, 103, 95, 102, 109, 101, 93, 100, 108, 98, 107, 112, 114, 119, 126, 119, 115, 113, 110, 104, 98, 94, 97, 103, 96, 102, 109, 101, 94, 100, 108, 99, 107, 112, 114, 118, 125, 129, 130, 133, 135, 138, 145, 153, 144, 138, 135, 133, 131, 126, 130, 129, 126, 119, 114, 112, 109, 104, 98, 94, 87, 79, 78, 70, 77, 75, 69, 64, 58, 56, 50, 46, 42, 39, 38, 36, 34, 29, 26, 25, 20, 24, 21, 23, 25, 28, 33, 29, 26, 25, 22, 24, 25, 28, 32, 35, 37, 38, 41, 45, 49, 55, 49, 54, 57, 63, 59, 56, 50, 46, 42, 39, 38, 36, 34, 29, 26, 25, 20, 19, 17, 16, 14, 12, 13, 15, 16, 18, 19, 24, 19, 23, 20, 22, 25, 28, 33, 29, 26, 25, 21, 16, 20, 19, 17, 16, 14, 12, 11, 9, 7, 6, 5, 4, 3, 2, 1]","[114, 157, 179, 285, 335, 369, 382, 454, 477, 491, 538, 622, 658, 667, 675, 693, 733, 829, 887, 898, 911, 928, 944, 983, 123, 132, 148, 165, 181, 196, 219, 221, 236, 243, 252, 264, 278, 297, 318, 327, 341, 356, 373, 394, 413, 425, 439, 442, 466, 488, 517, 524, 545, 553, 561, 572, 586, 599, 616, 631, 649, 684, 715, 726, 747, 751, 768, 774, 789, 792, 812, 834, 846, 855, 863, 871, 937, 959, 962, 976, 995]",1688,72,7.54834
9x9,0,25,"[222, 210, 200, 209, 199, 208, 195, 207, 195, 206, 201, 194, 191, 181, 173, 166, 160, 150, 159, 154, 158, 152, 146, 141, 145, 143, 138, 133, 131, 127, 126, 123, 120, 109, 97, 108, 102, 107, 103, 106, 119, 112, 118, 114, 103, 113, 108, 112, 117, 122, 125, 126, 130, 132, 137, 142, 144, 151, 142, 140, 137, 132, 130, 126, 125, 122, 119, 108, 96, 107, 101, 106, 102, 105, 118, 111, 117, 113, 102, 112, 107, 111, 116, 121, 124, 125, 129, 131, 136, 139, 141, 150, 146, 142, 139, 134, 132, 128, 127, 124, 121, 110, 98, 109, 103, 108, 104, 107, 120, 113, 119, 115, 104, 114, 109, 113, 118, 123, 126, 127, 131, 133, 138, 141, 145, 149, 157, 165, 155, 164, 157, 152, 146, 141, 145, 143, 138, 133, 131, 127, 126, 123, 120, 109, 101, 93, 100, 89, 86, 80, 79, 75, 70, 68, 66, 64, 58, 63, 57, 53, 47, 46, 45, 43, 37, 42, 37, 41, 36, 34, 31, 28, 23, 27, 21, 26, 25, 22, 20, 21, 24, 25, 30, 33, 35, 40, 44, 45, 46, 52, 56, 62, 65, 67, 69, 74, 78, 79, 85, 88, 99, 95, 98, 108, 97, 107, 102, 106, 119, 112, 118, 114, 106, 98, 95, 88, 86, 78, 72, 77, 74, 70, 63, 69, 67, 60, 54, 59, 54, 51, 45, 43, 41, 39, 34, 38, 34, 32, 31, 28, 23, 27, 21, 26, 25, 22, 20, 18, 16, 15, 13, 14, 15, 17, 19, 21, 24, 25, 30, 31, 33, 37, 40, 42, 44, 50, 53, 58, 66, 68, 73, 76, 85, 81, 75, 80, 75, 71, 64, 70, 68, 61, 55, 60, 55, 52, 46, 44, 42, 40, 35, 39, 35, 33, 32, 29, 24, 28, 22, 27, 26, 23, 21, 19, 20, 22, 25, 26, 31, 32, 34, 38, 41, 43, 45, 51, 54, 59, 67, 69, 74, 79, 84, 87, 94, 97, 105, 94, 91, 84, 82, 73, 67, 72, 69, 65, 63, 60, 62, 64, 68, 71, 81, 77, 72, 65, 63, 60, 62, 64, 71, 76, 80, 83, 90, 83, 82, 74, 68, 73, 70, 66, 64, 61, 55, 60, 54, 51, 53, 59, 63, 65, 69, 72, 81, 77, 72, 66, 64, 61, 55, 60, 54, 51, 53, 59, 63, 65, 71, 76, 80, 82, 89, 93, 104, 94, 103, 113, 102, 112, 107, 111, 117, 122, 125, 126, 130, 132, 137, 142, 144, 151, 142, 140, 137, 132, 130, 126, 125, 122, 119, 108, 100, 92, 99, 88, 85, 87, 98, 94, 97, 107, 96, 106, 101, 105, 118, 111, 117, 113, 105, 97, 93, 96, 104, 93, 90, 92, 103, 93, 102, 112, 101, 111, 106, 110, 116, 121, 124, 125, 129, 131, 136, 139, 141, 150, 146, 142, 139, 134, 132, 128, 127, 124, 121, 110, 102, 94, 91, 93, 101, 90, 87, 89, 100, 96, 99, 109, 98, 108, 103, 107, 120, 113, 119, 115, 107, 99, 96, 98, 106, 95, 92, 94, 105, 95, 104, 114, 103, 113, 108, 112, 118, 123, 126, 127, 131, 133, 138, 141, 145, 149, 156, 163, 172, 164, 158, 148, 157, 152, 156, 150, 144, 139, 143, 141, 136, 131, 129, 125, 124, 121, 118, 107, 101, 106, 102, 94, 91, 84, 82, 73, 67, 72, 69, 65, 63, 60, 62, 64, 68, 71, 81, 77, 72, 65, 63, 60, 62, 64, 71, 76, 80, 83, 90, 83, 82, 74, 68, 73, 70, 66, 64, 61, 55, 60, 54, 51, 53, 59, 63, 65, 69, 72, 81, 77, 72, 66, 64, 61, 55, 60, 54, 51, 53, 59, 63, 65, 71, 76, 80, 82, 89, 93, 101, 94, 91, 84, 82, 75, 81, 77, 72, 68, 66, 62, 56, 52, 46, 44, 40, 43, 42, 41, 36, 33, 32, 29, 24, 28, 22, 27, 26, 23, 21, 19, 20, 22, 25, 26, 31, 32, 35, 40, 35, 39, 41, 42, 45, 51, 55, 61, 55, 60, 65, 67, 71, 76, 80, 83, 90, 93, 100, 90, 99, 105, 117, 107, 96, 106, 100, 105, 101, 94, 90, 84, 82, 74, 68, 73, 70, 66, 59, 65, 63, 61, 55, 60, 54, 50, 44, 42, 41, 39, 34, 38, 34, 32, 31, 28, 23, 27, 21, 26, 25, 22, 20, 18, 16, 15, 13, 14, 15, 17, 19, 21, 24, 25, 30, 31, 33, 37, 40, 41, 43, 49, 53, 59, 62, 64, 69, 72, 81, 77, 71, 76, 71, 67, 60, 66, 64, 62, 56, 61, 55, 51, 45, 43, 42, 40, 35, 39, 35, 33, 32, 29, 24, 28, 22, 27, 26, 23, 21, 19, 20, 22, 25, 26, 31, 32, 34, 38, 41, 42, 44, 50, 54, 60, 63, 65, 70, 75, 80, 83, 89, 93, 100, 94, 99, 104, 116, 110, 115, 120, 123, 124, 128, 130, 135, 140, 142, 149, 140, 138, 135, 130, 128, 124, 123, 120, 117, 106, 100, 105, 101, 93, 90, 92, 100, 93, 89, 92, 99, 89, 98, 104, 116, 106, 95, 105, 99, 104, 100, 93, 89, 92, 99, 93, 98, 103, 115, 109, 114, 119, 122, 123, 127, 129, 134, 137, 139, 148, 144, 140, 137, 132, 130, 126, 125, 122, 119, 108, 102, 107, 103, 95, 92, 94, 102, 95, 92, 94, 101, 91, 100, 106, 118, 108, 97, 107, 101, 106, 102, 95, 91, 94, 101, 95, 91, 94, 100, 105, 117, 111, 116, 121, 124, 125, 129, 131, 136, 139, 143, 147, 155, 163, 153, 162, 156, 161, 171, 180, 190, 183, 174, 167, 161, 151, 160, 155, 159, 153, 147, 142, 146, 144, 139, 134, 132, 128, 127, 124, 121, 110, 98, 109, 103, 108, 104, 107, 120, 113, 119, 115, 104, 114, 109, 113, 118, 123, 126, 127, 131, 133, 138, 143, 145, 152, 143, 141, 138, 133, 131, 127, 126, 123, 120, 109, 97, 108, 102, 107, 103, 106, 119, 112, 118, 114, 103, 113, 108, 112, 117, 122, 125, 126, 130, 132, 137, 140, 142, 151, 147, 143, 140, 135, 133, 129, 128, 125, 122, 111, 99, 110, 104, 109, 105, 108, 121, 114, 120, 116, 105, 115, 110, 114, 119, 124, 127, 128, 132, 134, 139, 142, 146, 150, 158, 166, 156, 165, 158, 153, 147, 142, 146, 144, 139, 134, 132, 128, 127, 124, 121, 110, 102, 94, 101, 90, 87, 81, 80, 76, 71, 69, 67, 66, 60, 65, 58, 54, 48, 47, 46, 44, 38, 43, 38, 36, 32, 29, 24, 28, 22, 27, 26, 23, 21, 19, 20, 22, 25, 26, 31, 35, 37, 42, 37, 41, 45, 46, 47, 53, 57, 64, 66, 68, 70, 75, 79, 80, 86, 89, 100, 96, 99, 109, 98, 108, 103, 107, 120, 113, 119, 115, 107, 99, 96, 89, 87, 78, 72, 77, 74, 70, 63, 69, 67, 60, 54, 59, 55, 52, 46, 44, 42, 40, 35, 39, 35, 33, 32, 29, 24, 28, 22, 27, 26, 23, 21, 19, 17, 16, 14, 13, 10, 8, 9, 12, 13, 15, 16, 18, 20, 22, 25, 26, 31, 32, 34, 38, 41, 43, 45, 51, 54, 58, 66, 68, 73, 76, 86, 82, 77, 70, 63, 69, 67, 60, 54, 59, 55, 52, 46, 44, 42, 40, 35, 39, 35, 33, 32, 29, 24, 28, 22, 27, 26, 23, 21, 19, 20, 22, 25, 26, 31, 32, 34, 38, 41, 43, 45, 51, 54, 58, 66, 68, 76, 81, 85, 88, 95, 98, 106, 95, 92, 85, 83, 74, 68, 73, 70, 66, 64, 62, 56, 61, 54, 60, 63, 65, 69, 72, 82, 78, 73, 66, 64, 62, 56, 61, 54, 60, 63, 65, 72, 77, 81, 84, 91, 84, 83, 76, 70, 75, 72, 68, 66, 63, 57, 62, 55, 52, 54, 61, 65, 67, 71, 74, 82, 78, 72, 68, 66, 63, 57, 62, 55, 52, 54, 61, 65, 67, 71, 77, 81, 83, 90, 94, 105, 95, 104, 114, 103, 113, 108, 112, 118, 123, 126, 127, 131, 133, 138, 143, 145, 152, 143, 141, 138, 133, 131, 127, 126, 123, 120, 109, 101, 93, 100, 89, 86, 88, 99, 95, 98, 108, 97, 107, 102, 106, 119, 112, 118, 114, 106, 98, 94, 97, 105, 94, 91, 93, 104, 94, 103, 113, 102, 112, 107, 111, 117, 122, 125, 126, 130, 132, 137, 140, 142, 151, 147, 143, 140, 135, 133, 129, 128, 125, 122, 111, 103, 95, 92, 94, 102, 91, 88, 90, 101, 97, 100, 110, 99, 109, 104, 108, 121, 114, 120, 116, 108, 100, 97, 99, 107, 96, 93, 95, 106, 96, 105, 115, 104, 114, 109, 113, 119, 124, 127, 128, 132, 134, 139, 142, 146, 150, 157, 164, 173, 165, 159, 149, 158, 153, 157, 151, 145, 140, 144, 142, 137, 132, 130, 126, 125, 122, 119, 108, 102, 107, 103, 95, 92, 85, 83, 74, 68, 73, 70, 66, 64, 62, 56, 61, 54, 60, 63, 65, 69, 72, 82, 78, 73, 66, 64, 62, 56, 61, 54, 60, 63, 65, 72, 77, 81, 84, 91, 84, 83, 76, 70, 75, 72, 68, 66, 63, 57, 62, 55, 52, 54, 61, 65, 67, 71, 74, 82, 78, 72, 68, 66, 63, 57, 62, 55, 52, 54, 61, 65, 67, 71, 77, 81, 83, 90, 94, 102, 95, 92, 85, 83, 76, 82, 78, 73, 69, 67, 63, 58, 53, 47, 45, 41, 44, 43, 42, 37, 41, 36, 33, 32, 29, 24, 28, 22, 27, 26, 23, 21, 19, 20, 22, 25, 26, 31, 32, 35, 40, 42, 43, 46, 52, 57, 62, 66, 68, 72, 77, 81, 84, 91, 94, 101, 91, 100, 106, 118, 108, 97, 107, 101, 106, 102, 95, 91, 85, 83, 74, 68, 73, 70, 66, 59, 65, 63, 62, 56, 61, 55, 51, 45, 43, 42, 40, 35, 39, 35, 33, 32, 29, 24, 28, 22, 27, 26, 23, 21, 19, 17, 16, 14, 13, 10, 8, 9, 12, 13, 15, 16, 18, 20, 22, 25, 26, 31, 32, 34, 38, 41, 42, 44, 50, 54, 60, 62, 64, 69, 72, 82, 78, 73, 66, 59, 65, 63, 62, 56, 61, 55, 51, 45, 43, 42, 40, 35, 39, 35, 33, 32, 29, 24, 28, 22, 27, 26, 23, 21, 19, 20, 22, 25, 26, 31, 32, 34, 38, 41, 42, 44, 50, 54, 60, 62, 64, 72, 77, 81, 84, 90, 94, 101, 95, 100, 105, 117, 111, 116, 121, 124, 125, 129, 131, 136, 141, 143, 150, 141, 139, 136, 131, 129, 125, 124, 121, 118, 107, 101, 106, 102, 94, 91, 93, 101, 94, 90, 93, 100, 90, 99, 105, 117, 107, 96, 106, 100, 105, 101, 94, 90, 93, 100, 94, 99, 104, 116, 110, 115, 120, 123, 124, 128, 130, 135, 138, 140, 149, 145, 141, 138, 133, 131, 127, 126, 123, 120, 109, 103, 108, 104, 96, 93, 95, 103, 96, 93, 95, 102, 92, 101, 107, 119, 109, 98, 108, 102, 107, 103, 96, 92, 95, 102, 96, 92, 95, 101, 106, 118, 112, 117, 122, 125, 126, 130, 132, 137, 140, 144, 148, 156, 164, 154, 163, 157, 162, 172, 182, 189, 193, 200, 191, 188, 190, 199, 205, 221, 214, 220, 209, 200, 208, 199, 207, 195, 206, 201, 194, 186, 193, 190, 183, 174, 182, 189, 180, 175, 179, 188, 192, 200, 191, 183, 190, 187, 189, 199, 205, 219, 215, 206, 214, 205, 196, 189, 195, 193, 186, 178, 169, 177, 170, 162, 169, 161, 156, 160, 154, 149, 145, 148, 146, 142, 137, 133, 136, 134, 132, 131, 124, 130, 127, 122, 112, 103, 111, 99, 110, 102, 109, 105, 108, 121, 117, 109, 116, 105, 115, 108, 114, 120, 126, 129, 131, 133, 135, 141, 145, 147, 153, 145, 152, 148, 145, 143, 138, 134, 137, 135, 133, 132, 125, 131, 128, 123, 113, 104, 96, 93, 95, 103, 92, 89, 91, 102, 95, 101, 112, 100, 111, 103, 110, 106, 109, 122, 118, 110, 101, 98, 100, 109, 97, 94, 96, 108, 97, 107, 100, 106, 117, 106, 116, 109, 115, 121, 127, 130, 132, 134, 136, 142, 144, 147, 151, 159, 168, 161, 154, 149, 145, 148, 146, 142, 137, 133, 136, 134, 132, 131, 124, 130, 127, 122, 112, 103, 111, 103, 91, 88, 83, 82, 78, 73, 71, 69, 66, 58, 53, 47, 46, 45, 43, 37, 42, 37, 41, 36, 34, 31, 26, 30, 28, 23, 27, 21, 26, 25, 22, 24, 25, 29, 33, 35, 40, 44, 45, 46, 52, 57, 65, 59, 53, 47, 46, 45, 43, 37, 42, 37, 41, 36, 34, 31, 26, 30, 28, 23, 27, 21, 26, 25, 22, 20, 21, 24, 25, 29, 33, 35, 40, 44, 45, 46, 52, 58, 54, 49, 48, 43, 47, 46, 44, 38, 43, 37, 35, 31, 26, 30, 28, 23, 27, 21, 26, 25, 22, 20, 21, 24, 25, 29, 34, 36, 42, 37, 41, 45, 46, 48, 53, 57, 64, 68, 70, 72, 77, 81, 82, 87, 90, 102, 94, 101, 97, 100, 110, 99, 109, 102, 108, 121, 117, 108, 116, 108, 96, 93, 87, 85, 76, 70, 75, 72, 68, 66, 59, 65, 62, 54, 61, 55, 49, 54, 51, 46, 44, 39, 43, 42, 40, 35, 39, 34, 32, 31, 26, 30, 28, 23, 27, 21, 26, 25, 22, 24, 25, 29, 31, 33, 38, 41, 42, 45, 50, 53, 60, 64, 67, 71, 74, 84, 80, 75, 68, 66, 59, 65, 62, 54, 61, 55, 49, 54, 51, 46, 44, 39, 43, 42, 40, 35, 39, 34, 32, 31, 26, 30, 28, 23, 27, 21, 26, 25, 22, 20, 21, 24, 25, 29, 31, 33, 38, 41, 42, 45, 50, 53, 60, 64, 67, 74, 79, 83, 86, 92, 95, 107, 96, 106, 99, 105, 115, 104, 114, 107, 113, 120, 126, 129, 131, 133, 135, 141, 145, 147, 153, 145, 152, 148, 145, 143, 138, 134, 137, 135, 133, 132, 125, 131, 128, 123, 113, 104, 92, 89, 91, 103, 95, 102, 98, 101, 112, 104, 92, 89, 91, 103, 95, 102, 98, 101, 111, 100, 110, 103, 109, 122, 118, 109, 97, 94, 96, 108, 97, 107, 100, 106, 117, 109, 97, 94, 96, 108, 97, 107, 100, 106, 116, 105, 115, 108, 114, 121, 127, 130, 132, 134, 136, 142, 144, 147, 151, 160, 156, 159, 167, 176, 168, 160, 167, 159, 154, 158, 152, 147, 143, 146, 144, 140, 135, 131, 134, 132, 130, 129, 122, 128, 125, 120, 110, 102, 109, 101, 108, 104, 96, 93, 87, 85, 76, 70, 75, 72, 68, 66, 59, 65, 62, 54, 61, 55, 49, 54, 51, 46, 44, 39, 43, 42, 40, 35, 39, 34, 32, 31, 26, 30, 28, 23, 27, 21, 26, 25, 22, 24, 25, 29, 31, 33, 38, 41, 42, 45, 50, 53, 60, 64, 67, 71, 74, 84, 80, 75, 68, 66, 59, 65, 62, 54, 61, 55, 49, 54, 51, 46, 44, 39, 43, 42, 40, 35, 39, 34, 32, 31, 26, 30, 28, 23, 27, 21, 26, 25, 22, 20, 21, 24, 25, 29, 31, 33, 38, 41, 42, 45, 50, 53, 60, 64, 67, 74, 79, 83, 86, 92, 95, 103, 92, 102, 95, 101, 107, 119, 110, 101, 109, 98, 108, 100, 107, 103, 96, 92, 87, 85, 77, 71, 76, 73, 69, 66, 63, 55, 50, 44, 42, 41, 39, 34, 38, 34, 32, 31, 26, 30, 28, 23, 27, 21, 26, 25, 22, 20, 21, 24, 25, 29, 31, 33, 37, 40, 41, 43, 49, 54, 62, 56, 50, 44, 42, 41, 39, 34, 38, 34, 32, 31, 26, 30, 28, 23, 27, 21, 26, 25, 22, 20, 21, 24, 25, 29, 31, 33, 37, 40, 41, 43, 49, 55, 51, 46, 44, 39, 43, 42, 40, 35, 39, 34, 32, 31, 26, 30, 28, 23, 27, 21, 26, 25, 22, 24, 25, 29, 31, 33, 38, 41, 42, 45, 50, 54, 61, 65, 68, 72, 75, 84, 80, 74, 79, 74, 70, 67, 64, 56, 51, 45, 43, 42, 40, 35, 39, 35, 33, 32, 27, 31, 29, 24, 28, 22, 27, 26, 23, 21, 22, 25, 26, 30, 32, 34, 38, 41, 42, 44, 50, 55, 63, 57, 51, 45, 43, 42, 40, 35, 39, 35, 33, 32, 27, 31, 29, 24, 28, 22, 27, 26, 23, 21, 19, 20, 22, 25, 26, 30, 32, 34, 38, 41, 42, 44, 50, 56, 52, 47, 45, 40, 44, 43, 41, 36, 40, 35, 33, 32, 27, 31, 29, 24, 28, 22, 27, 26, 23, 21, 19, 20, 22, 25, 26, 30, 32, 34, 39, 42, 43, 46, 51, 55, 62, 66, 69, 73, 78, 83, 86, 91, 95, 102, 95, 101, 106, 118, 124, 127, 129, 131, 133, 139, 143, 145, 151, 143, 150, 146, 143, 141, 136, 132, 135, 133, 131, 130, 123, 129, 126, 121, 111, 103, 94, 102, 90, 101, 93, 100, 97, 94, 96, 99, 110, 102, 109, 105, 97, 94, 96, 104, 93, 103, 96, 102, 108, 120, 111, 102, 94, 101, 93, 100, 97, 93, 96, 99, 110, 99, 109, 101, 108, 104, 97, 93, 96, 103, 96, 102, 107, 119, 125, 128, 130, 132, 134, 140, 142, 145, 149, 157, 166, 160, 165, 175, 185, 192, 185, 180, 171, 179, 172, 164, 171, 163, 158, 162, 156, 151, 147, 150, 148, 144, 139, 135, 138, 136, 134, 133, 126, 132, 129, 124, 114, 105, 113, 101, 112, 104, 111, 107, 110, 123, 119, 111, 118, 107, 117, 110, 116, 122, 128, 131, 133, 135, 137, 143, 147, 149, 155, 147, 154, 150, 147, 145, 140, 136, 139, 137, 135, 134, 127, 133, 130, 125, 115, 106, 98, 95, 97, 105, 94, 91, 93, 104, 97, 103, 114, 102, 113, 105, 112, 108, 111, 124, 120, 112, 103, 100, 102, 111, 99, 96, 98, 110, 99, 109, 102, 108, 119, 108, 118, 111, 117, 123, 129, 132, 134, 136, 138, 144, 146, 149, 153, 161, 170, 163, 156, 151, 147, 150, 148, 144, 139, 135, 138, 136, 134, 133, 126, 132, 129, 124, 114, 105, 113, 105, 93, 90, 85, 84, 80, 75, 73, 71, 68, 60, 54, 48, 47, 46, 44, 38, 43, 38, 36, 32, 27, 31, 29, 24, 28, 22, 27, 26, 23, 21, 22, 25, 26, 30, 35, 37, 42, 37, 35, 32, 27, 31, 29, 24, 28, 22, 27, 26, 23, 21, 19, 20, 22, 25, 26, 30, 34, 36, 41, 45, 46, 47, 53, 59, 55, 49, 48, 46, 44, 38, 43, 38, 36, 32, 27, 31, 29, 24, 28, 22, 27, 26, 23, 21, 22, 25, 26, 30, 35, 37, 42, 37, 35, 32, 27, 31, 29, 24, 28, 22, 27, 26, 23, 21, 19, 20, 22, 25, 26, 30, 34, 36, 41, 45, 47, 48, 54, 58, 67, 60, 54, 48, 47, 46, 44, 38, 43, 38, 36, 32, 27, 31, 29, 24, 28, 22, 27, 26, 23, 21, 19, 20, 22, 25, 26, 30, 35, 37, 42, 37, 35, 32, 27, 31, 29, 24, 28, 22, 27, 26, 23, 21, 22, 25, 26, 30, 34, 36, 41, 45, 46, 47, 53, 59, 55, 50, 49, 44, 48, 47, 45, 39, 44, 38, 36, 32, 27, 31, 29, 24, 28, 22, 27, 26, 23, 21, 22, 25, 26, 30, 35, 37, 43, 38, 36, 32, 27, 31, 29, 24, 28, 22, 27, 26, 23, 21, 19, 20, 22, 25, 26, 30, 35, 37, 42, 46, 47, 49, 54, 58, 66, 70, 72, 74, 79, 83, 84, 89, 92, 104, 96, 103, 99, 102, 112, 101, 111, 104, 110, 123, 119, 110, 118, 110, 98, 95, 89, 87, 78, 72, 77, 74, 70, 68, 61, 67, 64, 56, 50, 55, 52, 46, 44, 42, 40, 35, 39, 35, 33, 32, 27, 31, 29, 24, 28, 22, 27, 26, 23, 25, 26, 30, 32, 34, 38, 41, 43, 45, 51, 54, 63, 56, 50, 55, 52, 47, 45, 40, 44, 43, 41, 36, 40, 35, 33, 32, 27, 31, 29, 24, 28, 22, 27, 26, 23, 25, 26, 30, 32, 34, 39, 42, 43, 46, 51, 54, 62, 66, 69, 73, 76, 86, 82, 77, 70, 68, 61, 67, 64, 56, 50, 55, 52, 46, 44, 42, 40, 35, 39, 35, 33, 32, 27, 31, 29, 24, 28, 22, 27, 26, 23, 21, 22, 25, 26, 30, 32, 34, 38, 41, 43, 45, 51, 54, 63, 56, 50, 55, 52, 47, 45, 40, 44, 43, 41, 36, 40, 35, 33, 32, 27, 31, 29, 24, 28, 22, 27, 26, 23, 21, 22, 25, 26, 30, 32, 34, 39, 42, 43, 46, 51, 54, 62, 66, 69, 76, 81, 85, 88, 94, 97, 109, 98, 108, 101, 107, 117, 106, 116, 109, 115, 122, 128, 131, 133, 135, 137, 143, 147, 149, 155, 147, 154, 150, 147, 145, 140, 136, 139, 137, 135, 134, 127, 133, 130, 125, 115, 106, 94, 91, 93, 105, 97, 104, 100, 103, 114, 106, 94, 91, 93, 105, 97, 104, 100, 103, 113, 102, 112, 105, 111, 124, 120, 111, 99, 96, 98, 110, 99, 109, 102, 108, 119, 111, 99, 96, 98, 110, 99, 109, 102, 108, 118, 107, 117, 110, 116, 123, 129, 132, 134, 136, 138, 144, 146, 149, 153, 162, 158, 161, 169, 178, 170, 162, 169, 161, 156, 160, 154, 149, 145, 148, 146, 142, 137, 133, 136, 134, 132, 131, 124, 130, 127, 122, 112, 104, 111, 103, 110, 106, 98, 95, 89, 87, 78, 72, 77, 74, 70, 68, 61, 67, 64, 56, 50, 55, 52, 46, 44, 42, 40, 35, 39, 35, 33, 32, 27, 31, 29, 24, 28, 22, 27, 26, 23, 25, 26, 30, 32, 34, 38, 41, 43, 45, 51, 54, 63, 56, 50, 55, 52, 47, 45, 40, 44, 43, 41, 36, 40, 35, 33, 32, 27, 31, 29, 24, 28, 22, 27, 26, 23, 25, 26, 30, 32, 34, 39, 42, 43, 46, 51, 54, 62, 66, 69, 73, 76, 86, 82, 77, 70, 68, 61, 67, 64, 56, 50, 55, 52, 46, 44, 42, 40, 35, 39, 35, 33, 32, 27, 31, 29, 24, 28, 22, 27, 26, 23, 21, 22, 25, 26, 30, 32, 34, 38, 41, 43, 45, 51, 54, 63, 56, 50, 55, 52, 47, 45, 40, 44, 43, 41, 36, 40, 35, 33, 32, 27, 31, 29, 24, 28, 22, 27, 26, 23, 21, 22, 25, 26, 30, 32, 34, 39, 42, 43, 46, 51, 54, 62, 66, 69, 76, 81, 85, 88, 94, 97, 105, 94, 104, 97, 103, 109, 121, 112, 103, 111, 100, 110, 102, 109, 105, 98, 94, 89, 87, 78, 72, 77, 74, 70, 67, 64, 56, 51, 45, 43, 42, 40, 35, 39, 35, 33, 32, 27, 31, 29, 24, 28, 22, 27, 26, 23, 21, 22, 25, 26, 30, 32, 34, 38, 41, 42, 44, 50, 55, 63, 57, 51, 45, 43, 42, 40, 35, 39, 35, 33, 32, 27, 31, 29, 24, 28, 22, 27, 26, 23, 21, 22, 25, 26, 30, 32, 34, 38, 41, 42, 44, 50, 56, 52, 47, 45, 40, 44, 43, 41, 36, 40, 35, 33, 32, 27, 31, 29, 24, 28, 22, 27, 26, 23, 25, 26, 30, 32, 34, 39, 42, 43, 46, 51, 55, 62, 66, 69, 73, 76, 86, 82, 77, 70, 67, 64, 56, 51, 45, 43, 42, 40, 35, 39, 35, 33, 32, 27, 31, 29, 24, 28, 22, 27, 26, 23, 21, 22, 25, 26, 30, 32, 34, 38, 41, 42, 44, 50, 55, 63, 57, 51, 45, 43, 42, 40, 35, 39, 35, 33, 32, 27, 31, 29, 24, 28, 22, 27, 26, 23, 21, 19, 20, 22, 25, 26, 30, 32, 34, 38, 41, 42, 44, 50, 56, 52, 47, 45, 40, 44, 43, 41, 36, 40, 35, 33, 32, 27, 31, 29, 24, 28, 22, 27, 26, 23, 21, 19, 20, 22, 25, 26, 30, 32, 34, 39, 42, 43, 46, 51, 55, 62, 66, 69, 76, 81, 85, 88, 93, 97, 104, 97, 103, 108, 120, 126, 129, 131, 133, 135, 141, 145, 147, 153, 145, 152, 148, 145, 143, 138, 134, 137, 135, 133, 132, 125, 131, 128, 123, 113, 105, 96, 104, 92, 103, 95, 102, 99, 96, 98, 101, 112, 104, 111, 107, 99, 96, 98, 106, 95, 105, 98, 104, 110, 122, 113, 104, 96, 103, 95, 102, 99, 95, 98, 101, 112, 101, 111, 103, 110, 106, 99, 95, 98, 105, 98, 104, 109, 121, 127, 130, 132, 134, 136, 142, 144, 147, 151, 159, 168, 162, 167, 177, 184, 191, 194, 204, 213, 201, 195, 188, 194, 192, 185, 177, 168, 176, 169, 161, 168, 163, 158, 162, 156, 151, 145, 150, 148, 142, 137, 133, 136, 134, 132, 131, 124, 130, 127, 122, 112, 103, 111, 99, 110, 102, 109, 105, 108, 121, 117, 109, 100, 97, 90, 88, 80, 74, 79, 76, 72, 65, 71, 68, 61, 55, 60, 55, 52, 46, 44, 42, 40, 35, 39, 35, 33, 32, 27, 31, 30, 25, 22, 20, 18, 16, 15, 13, 12, 8, 11, 10, 8, 6, 5, 4, 3, 2, 1]","[127, 149, 175, 272, 298, 347, 356, 368, 393, 515, 559, 571, 582, 622, 631, 658, 713, 825, 852, 869, 914, 948, 951, 965, 989, 118, 134, 153, 162, 181, 196, 216, 223, 239, 241, 255, 264, 287, 312, 321, 335, 379, 384, 419, 424, 433, 442, 457, 461, 476, 488, 495, 528, 536, 544, 563, 597, 617, 645, 666, 674, 683, 699, 729, 732, 746, 754, 767, 778, 785, 791, 811, 838, 843, 877, 886, 894, 926, 937, 973, 992]",2051,75,6.2961126
9x9,0,25,"[211, 198, 188, 178, 173, 165, 157, 164, 172, 177, 166, 176, 168, 175, 187, 180, 170, 162, 159, 154, 158, 161, 169, 179, 174, 168, 157, 152, 156, 167, 173, 165, 157, 152, 156, 164, 172, 178, 167, 162, 159, 154, 158, 161, 166, 177, 169, 176, 186, 176, 167, 175, 171, 166, 158, 165, 170, 174, 166, 173, 185, 173, 184, 197, 184, 177, 163, 155, 152, 147, 151, 154, 162, 176, 171, 162, 151, 146, 150, 161, 170, 162, 152, 147, 151, 161, 153, 149, 146, 140, 136, 139, 145, 140, 136, 130, 135, 139, 144, 137, 143, 148, 152, 160, 169, 175, 164, 156, 153, 148, 152, 155, 163, 174, 166, 157, 165, 157, 147, 156, 154, 150, 147, 141, 137, 140, 146, 141, 137, 131, 136, 140, 145, 138, 144, 149, 153, 155, 164, 173, 183, 173, 160, 172, 168, 160, 152, 159, 167, 171, 163, 155, 162, 170, 182, 170, 181, 196, 187, 195, 182, 173, 160, 172, 168, 160, 152, 159, 167, 171, 163, 155, 162, 170, 181, 175, 161, 156, 153, 148, 152, 155, 160, 174, 165, 157, 154, 149, 153, 156, 164, 173, 169, 160, 152, 147, 151, 159, 168, 163, 153, 148, 152, 162, 154, 150, 147, 141, 136, 140, 146, 141, 136, 133, 130, 127, 125, 122, 115, 109, 102, 99, 90, 98, 88, 97, 94, 88, 93, 96, 101, 108, 114, 109, 105, 102, 93, 101, 91, 86, 90, 100, 97, 92, 96, 99, 104, 108, 113, 121, 114, 110, 106, 103, 95, 102, 99, 93, 84, 92, 88, 82, 76, 81, 75, 72, 74, 80, 87, 81, 75, 80, 75, 72, 74, 79, 86, 91, 81, 90, 98, 90, 82, 89, 86, 81, 75, 71, 62, 70, 68, 62, 57, 56, 55, 50, 54, 53, 49, 48, 46, 44, 43, 39, 32, 38, 32, 37, 36, 29, 26, 22, 25, 21, 20, 18, 17, 13, 12, 11, 10, 8, 7, 5, 4, 3, 2, 1]","[194, 245, 267, 273, 298, 325, 372, 386, 411, 427, 436, 512, 615, 644, 677, 681, 696, 734, 755, 856, 899, 931, 943, 959, 975, 113, 128, 137, 146, 152, 169, 171, 185, 216, 221, 232, 254, 289, 314, 339, 348, 351, 363, 397, 449, 458, 465, 474, 482, 493, 524, 533, 541, 557, 566, 579, 588, 595, 629, 638, 653, 662, 719, 722, 747, 768, 776, 783, 791, 817, 823, 835, 842, 861, 878, 884, 918, 926, 964, 987, 992]",118,74,2.3569619
